no,Q10,Q9,Q31,Q32,Q46,Q50,Q54,Q58,Q62,Q66,Q70,Q74,Q78,Q82,Q86,Q90,Q94,Q98,1/5_1,1/5_2,1/5_3,1/5_4,1/5_5,1/5_6,1/5_7,1/5_8,1/5_9,2/5_1,2/5_2,2/5_3,2/5_4,2/5_5,3/5_1,QID7_1,Q34
1,1,27,,,,,,,,,1,4,,,,,,,3,3,3,3,3,3,3,3,5,2,2,2,2,2,6,6,
2,1,35,,,,,,,,,,,,,1,4,,,3,4,4,2,4,3,4,4,5,4,4,4,4,4,4,4,
3,1,38,,,,,,,,,,,,,1,4,,,4,3,4,3,4,3,4,4,5,4,4,3,3,4,5,5,
4,1,30,,,,,,,,,,,,,,,1,4,4,3,4,4,3,2,3,4,5,4,3,3,4,3,6,5,
5,1,39,1,4,,,,,,,,,,,,,,,4,2,5,2,4,1,5,4,5,5,5,5,4,4,2,6,
6,1,35,,,,,,,,,1,4,,,,,,,5,4,4,4,3,4,4,4,4,5,4,4,4,4,5,5,
7,1,40,,,,,,,1,4,,,,,,,,,4,2,4,4,4,2,4,3,5,4,4,4,4,4,6,5,
8,1,40,,,1,4,,,,,,,,,,,,,2,3,3,3,3,3,3,2,5,3,2,2,2,2,1,3,
9,1,40,,,,,1,4,,,,,,,,,,,2,4,4,4,2,2,2,3,5,3,3,1,2,2,6,5,
10,1,37,,,,,,,,,,,,,,,1,4,4,1,5,1,4,1,4,4,5,4,4,4,4,4,2,5,
11,1,32,,,,,,,,,,,1,4,,,,,4,1,4,2,5,1,4,4,5,5,4,4,2,3,6,5,
12,1,33,,,1,4,,,,,,,,,,,,,4,3,3,4,3,3,3,3,5,4,4,4,4,4,6,6,
13,1,38,,,,,,,,,,,,,1,4,,,3,2,4,2,4,1,4,4,5,3,4,2,4,4,6,6,
14,1,27,1,4,,,,,,,,,,,,,,,5,1,5,1,5,1,4,5,5,4,5,5,5,4,7,7,
15,1,37,,,,,,,,,1,4,,,,,,,4,2,4,2,4,2,4,4,5,4,4,4,4,4,6,6,
16,1,38,,,,,1,4,,,,,,,,,,,4,2,4,2,4,1,4,4,5,4,4,3,4,3,6,5,
17,1,38,,,1,4,,,,,,,,,,,,,3,2,4,2,3,2,3,2,5,3,4,4,5,4,5,5,
18,1,34,,,,,,,1,4,,,,,,,,,3,4,3,4,3,4,4,4,5,3,3,3,3,3,5,5,
19,1,37,1,4,,,,,,,,,,,,,,,3,2,5,2,4,1,4,4,5,4,5,5,4,4,6,6,
20,1,20,,,,,,,,,,,,,,,1,4,2,2,3,3,3,1,2,3,5,3,5,2,4,4,5,6,
21,1,33,,,1,4,,,,,,,,,,,,,4,2,5,2,2,2,4,5,5,5,5,5,5,5,7,7,
22,1,39,,,,,,,,,1,4,,,,,,,4,2,4,2,4,2,4,3,5,5,5,5,5,4,7,6,
23,1,40,,,1,4,,,,,,,,,,,,,3,3,4,3,4,1,3,4,5,4,4,3,3,4,6,6,
24,1,40,,,,,1,4,,,,,,,,,,,3,3,4,3,4,1,3,4,5,3,3,3,4,3,5,5,
25,1,38,,,,,1,4,,,,,,,,,,,2,4,2,4,2,3,2,2,5,1,2,2,2,2,4,4,
26,1,40,,,,,,,,,,,1,4,,,,,4,2,4,2,4,2,4,4,5,3,4,4,3,4,5,5,
27,1,36,,,,,,,1,4,,,,,,,,,3,3,5,2,4,2,3,4,5,4,4,3,3,3,5,5,
28,1,38,,,,,,,,,,,1,4,,,,,5,1,5,1,5,1,5,5,5,5,5,5,5,5,7,7,
29,1,35,,,,,,,,,,,1,4,,,,,3,2,3,3,3,3,3,3,5,2,1,3,2,2,2,2,
30,1,38,,,,,,,,,,,1,4,,,,,4,2,4,2,4,1,4,4,5,4,4,4,4,4,5,5,
31,1,38,,,,,,,,,1,4,,,,,,,3,2,3,2,3,3,3,3,5,4,4,4,4,4,3,5,
32,1,30,,,,,,,,,,,1,4,,,,,3,2,4,3,3,2,3,3,5,2,4,3,4,3,5,5,
33,1,29,,,,,,,1,4,,,,,,,,,2,3,3,4,2,2,2,2,5,2,4,1,3,2,2,4,
34,1,33,,,,,1,4,,,,,,,,,,,4,2,4,2,4,2,4,4,5,4,4,2,2,3,5,5,
35,1,36,,,,,,,1,4,,,,,,,,,4,1,4,1,4,1,4,4,5,4,3,3,4,4,6,6,
36,1,38,,,,,,,,,,,,,1,4,,,5,2,5,2,4,1,4,4,5,5,5,5,5,5,7,7,
37,1,36,,,,,,,,,,,,,,,1,4,3,1,4,3,4,2,4,4,5,4,4,3,4,4,6,7,
38,1,30,,,,,,,,,,,,,,,1,4,4,2,4,3,3,1,3,4,5,4,5,2,4,4,6,6,
39,1,39,,,,,,,,,,,,,,,1,4,3,3,3,3,2,3,2,1,5,4,4,2,4,2,6,6,
40,1,38,1,4,,,,,,,,,,,,,,,3,3,4,3,3,2,3,3,5,4,4,4,4,3,5,6,
41,1,35,,,,,1,4,,,,,,,,,,,4,2,4,2,4,1,4,4,5,4,4,4,4,3,6,6,
42,1,39,,,,,,,,,,,1,4,,,,,4,3,4,2,4,2,4,4,5,3,4,4,4,3,5,5,
43,1,36,,,,,,,,,1,4,,,,,,,4,2,4,2,3,2,3,4,5,4,4,4,4,2,3,5,
44,1,38,,,,,,,,,1,4,,,,,,,4,2,5,2,4,1,4,4,5,4,4,5,5,4,7,7,
45,1,33,,,,,,,,,,,,,1,4,,,4,2,4,2,4,1,3,4,5,3,4,2,4,4,6,6,
46,1,34,,,,,1,4,,,,,,,,,,,4,2,5,3,3,2,4,4,5,4,4,4,4,4,4,4,
47,1,22,,,,,,,,,1,4,,,,,,,4,2,3,2,4,2,4,4,5,4,4,4,2,4,5,6,
48,1,38,,,1,4,,,,,,,,,,,,,1,5,3,5,2,3,1,2,5,4,4,4,3,2,6,6,
49,1,40,,,,,,,,,,,1,4,,,,,3,2,4,3,3,2,3,3,5,4,4,4,4,4,6,6,
50,1,29,1,4,,,,,,,,,,,,,,,4,3,4,3,4,3,4,4,5,4,4,4,4,4,5,5,
51,1,39,,,,,,,1,4,,,,,,,,,5,1,5,1,5,1,5,5,5,5,5,5,5,5,6,7,
52,1,37,,,1,4,,,,,,,,,,,,,3,3,4,3,2,3,3,2,5,4,5,2,2,4,7,5,
53,1,35,,,,,,,,,,,1,4,,,,,3,1,4,1,3,1,3,3,5,3,4,5,3,3,7,7,
54,1,38,,,,,,,1,4,,,,,,,,,1,5,4,3,1,3,1,1,5,1,1,1,1,1,5,5,
55,1,36,,,,,,,,,,,,,1,4,,,3,3,4,4,3,2,3,3,5,4,4,3,4,3,2,5,
56,1,19,1,4,,,,,,,,,,,,,,,5,1,5,1,5,1,5,5,5,5,5,5,5,4,6,6,
57,1,26,,,,,,,1,4,,,,,,,,,3,2,3,2,3,1,3,3,5,4,4,2,3,4,4,5,
58,1,34,,,,,1,4,,,,,,,,,,,4,2,4,2,4,1,4,3,5,4,3,3,2,3,5,5,
59,1,39,,,,,,,,,1,4,,,,,,,5,1,5,1,5,1,5,5,5,4,2,2,4,5,7,7,
60,1,39,,,,,,,,,,,,,1,4,,,3,3,4,3,3,1,3,3,5,4,2,2,4,2,5,5,
61,1,37,,,,,,,,,,,,,,,1,4,5,1,5,1,5,1,5,5,5,5,5,3,5,5,6,7,
62,1,39,,,,,1,4,,,,,,,,,,,5,1,5,1,5,1,5,5,5,5,5,5,5,5,7,7,
63,1,27,,,,,,,,,1,4,,,,,,,5,1,5,1,5,1,5,5,5,5,5,4,5,5,5,6,
64,1,39,,,1,4,,,,,,,,,,,,,3,2,4,2,4,2,3,3,5,3,4,4,4,3,5,5,
65,1,40,,,,,,,,,,,1,4,,,,,4,2,4,2,4,1,3,4,5,4,3,3,4,4,3,5,
66,1,36,,,,,,,,,1,4,,,,,,,3,4,2,3,4,1,2,3,5,2,4,1,2,2,6,6,
67,1,32,,,1,4,,,,,,,,,,,,,3,3,4,3,4,1,3,4,5,3,4,4,4,3,6,6,
68,1,22,,,,,1,4,,,,,,,,,,,4,2,4,2,4,1,4,4,5,2,4,4,2,1,2,5,
69,1,36,,,,,,,1,4,,,,,,,,,4,1,4,1,4,1,4,4,5,4,4,2,5,4,1,6,
70,1,32,,,,,,,,,,,,,,,1,4,1,4,3,4,2,2,1,1,5,2,1,1,1,2,1,2,
71,1,26,,,,,1,4,,,,,,,,,,,4,3,3,2,4,2,4,4,5,4,4,3,3,3,5,5,
72,1,37,,,1,4,,,,,,,,,,,,,3,4,3,3,4,2,4,4,5,4,5,5,4,3,5,5,
73,1,23,,,,,,,,,,,1,4,,,,,5,1,5,1,5,1,5,5,5,5,5,5,5,5,7,7,
74,1,33,,,,,,,,,,,,,1,4,,,1,2,1,1,1,1,2,2,5,3,4,4,4,4,5,6,
75,1,39,,,,,,,,,,,,,,,1,4,2,4,2,4,2,4,2,1,5,3,4,3,3,2,5,5,
76,1,31,,,,,,,,,1,4,,,,,,,1,3,3,3,2,3,1,1,5,2,3,1,2,2,5,5,
77,1,37,,,,,,,,,,,1,4,,,,,4,2,4,2,4,2,4,4,5,2,2,3,2,2,4,3,
78,1,32,,,1,4,,,,,,,,,,,,,3,4,2,4,4,3,3,3,5,4,4,4,3,3,5,6,
79,1,37,,,,,,,,,,,,,1,4,,,3,3,4,3,3,2,3,3,5,4,4,3,4,3,6,6,
80,1,39,,,,,,,1,4,,,,,,,,,3,3,4,3,3,3,3,3,5,3,3,3,3,3,7,7,
81,1,38,1,4,,,,,,,,,,,,,,,1,5,1,5,1,2,1,1,5,4,5,5,1,1,7,7,
82,1,28,1,4,,,,,,,,,,,,,,,1,5,4,5,1,2,1,1,5,2,4,4,4,1,6,6,
83,1,40,,,,,,,,,,,,,,,1,4,3,3,2,2,3,2,3,3,5,3,3,2,3,2,3,3,
84,1,32,1,4,,,,,,,,,,,,,,,4,3,5,3,3,2,3,3,5,3,3,4,4,4,6,6,
85,1,40,,,,,,,1,4,,,,,,,,,5,2,5,1,5,1,5,5,5,5,5,5,5,5,6,7,
86,1,32,,,,,,,,,1,4,,,,,,,2,4,2,4,2,2,2,2,5,1,4,3,4,2,6,7,
87,1,32,,,,,,,,,,,1,4,,,,,3,3,3,4,2,4,2,2,5,3,2,3,2,2,2,5,
88,1,40,,,,,,,,,,,,,1,4,,,4,2,4,2,4,1,4,4,5,4,5,1,4,4,7,6,
89,1,40,,,,,1,4,,,,,,,,,,,3,4,4,1,5,1,4,4,5,1,5,4,4,4,6,6,
90,1,37,,,,,,,,,,,1,4,,,,,3,3,3,3,3,3,3,3,5,2,2,2,2,2,3,3,
91,1,33,1,4,,,,,,,,,,,,,,,3,3,3,3,3,3,3,3,5,3,3,3,3,3,4,4,
92,1,20,,,,,1,4,,,,,,,,,,,3,2,3,3,4,3,3,2,5,3,3,3,2,3,5,5,
93,1,39,,,,,,,,,,,,,1,4,,,4,2,5,1,4,1,4,4,5,4,4,3,4,3,6,6,
94,1,37,,,1,4,,,,,,,,,,,,,4,3,5,3,4,1,4,3,5,5,4,5,3,4,6,5,
95,1,40,,,,,,,,,,,,,,,1,4,4,1,5,2,4,1,4,4,5,4,5,4,5,4,6,7,
96,1,35,,,,,,,,,1,4,,,,,,,2,2,2,4,2,3,2,2,5,2,4,1,1,2,5,5,
97,1,37,,,,,,,1,4,,,,,,,,,3,4,4,4,3,3,3,2,5,2,2,1,2,3,5,5,
98,1,22,,,,,,,,,,,1,4,,,,,4,1,4,2,4,2,4,3,5,2,4,2,5,2,3,6,
99,1,19,1,4,,,,,,,,,,,,,,,4,2,4,1,3,1,4,4,5,3,4,5,4,4,7,7,
100,1,39,,,1,4,,,,,,,,,,,,,2,5,3,5,2,1,1,3,5,2,4,3,4,4,1,5,
101,1,33,,,,,,,1,4,,,,,,,,,4,3,4,3,4,2,3,4,5,4,5,4,4,4,6,6,
102,1,35,,,,,1,4,,,,,,,,,,,4,2,5,2,4,2,3,3,5,5,5,2,4,4,7,7,
103,1,37,,,,,,,,,1,4,,,,,,,1,5,1,5,1,5,1,1,5,1,1,1,1,1,5,6,
104,1,34,,,,,,,1,4,,,,,,,,,5,1,5,1,3,1,3,3,5,2,1,1,1,3,7,7,
105,1,24,1,4,,,,,,,,,,,,,,,3,3,4,3,3,1,3,3,5,4,4,4,3,3,6,6,
106,1,40,,,,,,,,,,,,,1,4,,,3,3,4,3,3,2,3,2,5,2,4,4,4,4,5,4,
107,1,38,,,,,,,,,1,4,,,,,,,3,3,4,3,3,2,3,3,5,3,3,3,3,3,4,4,
108,1,18,,,1,4,,,,,,,,,,,,,2,5,5,2,4,1,1,3,5,1,3,2,1,4,3,5,
109,1,27,,,,,1,4,,,,,,,,,,,4,2,5,4,4,1,4,4,5,4,4,4,2,5,6,7,
110,1,20,,,,,,,1,4,,,,,,,,,2,4,4,3,3,2,2,4,5,4,4,2,2,2,5,5,
111,1,38,,,,,,,,,,,,,,,1,4,3,2,4,2,3,1,3,3,5,1,4,2,2,4,5,6,
112,1,40,1,4,,,,,,,,,,,,,,,4,2,4,2,4,1,4,4,5,4,5,4,4,5,6,6,
113,1,40,,,,,,,,,,,,,1,4,,,3,1,5,1,4,1,3,3,5,4,4,2,4,4,5,5,
114,1,37,,,,,,,,,,,1,4,,,,,3,3,3,3,3,2,3,3,5,2,3,4,3,3,3,3,
115,1,35,,,,,,,,,,,,,1,4,,,3,2,4,2,3,2,3,3,5,4,1,1,1,1,6,5,
116,1,39,1,4,,,,,,,,,,,,,,,5,2,4,2,3,1,4,2,5,2,4,2,4,2,4,6,
117,1,31,,,1,4,,,,,,,,,,,,,4,5,3,4,2,3,4,4,5,2,2,3,1,2,4,5,
118,1,21,,,,,,,,,,,1,4,,,,,4,1,4,1,4,1,4,4,5,3,3,4,4,3,5,5,
119,1,32,,,,,1,4,,,,,,,,,,,3,3,4,3,4,2,4,3,5,2,4,2,2,3,5,6,
120,1,40,,,,,,,,,1,4,,,,,,,3,2,5,3,5,1,3,4,5,3,5,2,5,3,5,6,
121,1,28,,,,,,,,,,,,,1,4,,,4,1,4,1,4,1,4,4,5,4,4,4,4,3,6,6,
122,1,33,,,1,4,,,,,,,,,,,,,4,2,5,2,4,2,4,3,5,2,4,3,4,4,2,4,
123,1,40,,,,,,,1,4,,,,,,,,,4,3,4,4,4,2,3,4,5,3,4,4,1,2,6,5,
124,1,26,,,,,,,,,1,4,,,,,,,2,3,4,4,2,3,2,1,5,2,4,3,3,2,5,3,
125,1,39,,,,,,,,,,,,,1,4,,,2,4,4,4,2,1,2,2,5,4,5,4,5,4,6,6,
126,1,36,,,,,1,4,,,,,,,,,,,4,2,5,2,4,1,4,4,5,4,4,1,2,2,5,5,
127,1,24,1,4,,,,,,,,,,,,,,,4,2,5,3,4,2,4,4,5,4,5,5,4,4,7,7,
128,1,38,,,,,,,,,,,1,4,,,,,4,2,4,2,4,2,4,4,5,3,4,4,5,4,3,5,
129,1,25,,,,,1,4,,,,,,,,,,,2,4,3,4,3,1,2,2,5,3,4,3,2,3,6,6,
130,1,40,,,,,,,1,4,,,,,,,,,1,5,3,5,2,3,1,2,5,2,2,2,2,2,6,6,
131,1,39,,,,,,,,,1,4,,,,,,,3,3,3,3,3,3,3,3,5,3,3,3,3,3,4,4,
132,1,36,,,,,,,,,,,,,1,4,,,2,3,4,3,2,2,3,1,5,4,4,4,4,2,5,5,
133,1,36,,,1,4,,,,,,,,,,,,,3,3,3,3,3,3,3,3,5,3,3,3,3,3,5,5,
134,1,36,1,4,,,,,,,,,,,,,,,3,3,3,3,3,3,3,3,5,3,3,3,3,3,4,4,
135,1,25,,,,,,,,,,,,,,,1,4,4,3,3,4,4,4,4,3,5,3,4,3,3,4,3,4,
136,1,19,1,4,,,,,,,,,,,,,,,3,2,4,3,3,1,3,3,5,4,4,3,3,3,6,6,
137,1,32,,,,,,,,,,,1,4,,,,,2,4,4,4,2,2,2,3,5,4,4,4,4,2,2,5,
138,1,35,,,1,4,,,,,,,,,,,,,4,2,5,2,5,1,5,5,5,4,5,4,4,4,3,5,
139,1,38,,,,,1,4,,,,,,,,,,,4,4,5,3,4,1,4,3,5,4,5,1,2,3,7,6,
140,1,34,,,,,,,,,,,,,,,1,4,3,3,3,5,3,3,3,1,5,2,1,1,3,1,5,5,
141,1,36,,,,,,,,,1,4,,,,,,,4,2,4,3,3,2,3,3,5,3,3,3,2,3,7,7,
142,1,37,,,,,,,1,4,,,,,,,,,5,2,5,5,5,2,4,5,5,5,5,4,5,5,6,6,
143,1,27,,,,,,,,,1,4,,,,,,,3,3,4,3,3,1,4,4,5,3,3,2,2,3,7,7,
144,1,40,,,,,,,,,,,1,4,,,,,2,4,2,4,2,4,3,2,5,4,3,4,4,3,5,5,
145,1,40,1,4,,,,,,,,,,,,,,,3,3,4,5,3,3,3,4,5,4,4,4,4,3,6,6,
146,1,40,,,,,,,1,4,,,,,,,,,2,3,3,2,2,3,2,2,5,2,3,2,2,2,4,4,
147,1,39,,,,,,,,,,,,,1,4,,,5,1,5,1,5,1,5,5,5,5,5,5,5,5,7,7,
148,1,36,,,1,4,,,,,,,,,,,,,3,3,4,4,4,1,3,3,5,5,3,5,3,2,4,5,
149,1,24,,,,,,,,,,,,,,,1,4,4,2,4,4,4,4,2,2,5,4,2,4,4,2,5,5,
150,1,24,,,,,,,,,1,4,,,,,,,3,2,3,2,2,3,3,3,5,2,4,2,3,2,3,3,
151,1,37,,,,,,,,,,,,,1,4,,,2,4,2,4,4,1,2,2,5,2,4,1,2,2,5,5,
152,1,39,,,,,1,4,,,,,,,,,,,4,1,4,1,4,1,4,5,5,4,4,4,5,5,5,5,
153,1,30,,,,,,,,,,,1,4,,,,,4,3,4,3,3,4,3,3,5,2,2,3,2,2,3,3,
154,1,39,,,,,,,1,4,,,,,,,,,1,5,2,5,1,4,1,1,5,3,2,1,1,2,7,7,
155,1,37,,,,,,,,,,,,,,,1,4,3,1,4,2,4,1,3,3,5,2,4,3,4,3,4,5,
156,1,36,1,4,,,,,,,,,,,,,,,3,3,3,3,3,2,3,3,5,3,4,3,3,3,6,6,
157,1,40,,,,,,,,,1,4,,,,,,,2,3,4,3,2,1,3,3,5,4,4,3,3,3,7,6,
158,1,33,1,4,,,,,,,,,,,,,,,2,3,4,4,3,1,3,3,5,2,1,2,1,2,5,6,
159,1,34,,,,,1,4,,,,,,,,,,,4,2,4,3,3,2,3,3,5,2,4,2,4,4,5,5,
160,1,34,,,,,,,1,4,,,,,,,,,4,3,4,2,4,1,4,4,5,1,2,2,2,2,2,3,
161,1,28,,,,,1,4,,,,,,,,,,,2,4,2,2,3,3,2,2,5,3,4,4,3,3,5,5,
162,1,30,,,,,,,1,4,,,,,,,,,3,3,4,4,5,3,5,4,5,4,4,3,5,4,6,6,
163,1,32,,,,,,,,,,,,,1,4,,,2,4,3,3,2,3,2,2,5,3,1,2,1,1,7,6,
164,1,24,,,,,,,,,,,,,,,1,4,3,4,4,3,3,1,3,3,5,3,2,3,2,3,5,5,
165,1,32,,,1,4,,,,,,,,,,,,,2,4,3,4,2,3,2,2,5,2,2,2,2,2,6,6,
166,1,20,,,,,,,,,,,1,4,,,,,1,5,1,5,1,1,1,1,5,1,2,1,5,1,2,2,
167,1,34,,,,,,,,,1,4,,,,,,,1,3,4,4,3,2,3,1,5,3,3,2,3,1,7,7,
168,1,21,,,,,,,,,,,,,1,4,,,4,2,4,2,4,2,4,4,5,4,4,4,4,4,6,6,
169,1,40,1,4,,,,,,,,,,,,,,,4,2,4,2,4,2,4,4,5,4,3,4,3,3,6,6,
170,1,38,,,1,4,,,,,,,,,,,,,1,2,4,4,1,2,2,2,5,2,2,4,1,2,5,6,
171,1,38,,,,,,,,,1,4,,,,,,,3,3,4,2,3,2,3,3,5,4,4,4,4,4,5,6,
172,1,23,,,,,,,,,,,1,4,,,,,4,2,4,2,4,1,4,4,5,4,3,4,4,4,5,6,
173,1,39,,,,,1,4,,,,,,,,,,,4,3,4,2,4,1,3,4,5,2,2,2,4,2,5,6,
174,1,38,,,,,,,,,,,,,,,1,4,2,3,2,4,2,1,2,3,5,1,2,1,2,2,4,3,
175,1,22,,,,,,,1,4,,,,,,,,,4,1,5,2,5,1,4,4,5,5,4,4,4,4,3,6,
176,1,31,,,,,,,,,,,1,4,,,,,4,3,4,3,3,2,4,4,3,3,4,4,3,3,3,3,
177,1,39,,,,,,,,,,,,,,,1,4,3,4,3,5,1,3,2,1,5,4,5,1,5,5,6,6,
178,1,34,,,,,,,,,,,,,1,4,,,4,2,2,2,4,1,2,4,5,4,5,5,5,5,7,7,
179,1,27,1,4,,,,,,,,,,,,,,,1,5,4,5,2,3,2,2,5,3,5,4,2,2,6,5,
180,1,30,,,,,1,4,,,,,,,,,,,4,2,4,2,5,1,4,4,5,4,4,4,4,3,5,6,
181,1,33,,,1,4,,,,,,,,,,,,,4,1,5,2,4,2,4,4,5,3,4,4,4,4,5,5,
182,1,38,,,,,,,,,1,4,,,,,,,2,2,4,3,4,1,2,2,5,2,2,4,3,2,3,3,
183,1,30,,,,,,,,,1,4,,,,,,,3,2,3,4,2,3,2,2,5,2,4,2,2,2,4,5,
184,2,,,,,,,,,,,,,,,,,,,,,,,,,,,,,,,,,,
185,1,40,,,,,,,,,,,,,,,1,4,4,2,5,2,4,1,4,4,5,3,4,4,4,4,6,6,
186,1,38,,,,,,,1,4,,,,,,,,,4,2,4,2,4,2,4,4,5,4,4,4,4,4,6,6,
187,1,35,,,,,,,,,,,1,4,,,,,3,3,3,3,3,3,3,2,5,3,3,3,3,3,3,4,
188,1,39,,,1,4,,,,,,,,,,,,,1,1,1,1,1,1,1,1,1,1,1,1,1,1,4,4,
189,1,37,,,,,,,,,,,,,1,4,,,2,3,3,4,3,1,3,3,5,4,4,3,4,4,4,6,
190,1,30,,,,,,,,,,,,,,,1,4,3,3,3,3,3,3,3,3,5,3,3,3,3,3,3,3,
191,1,38,,,,,,,,,,,1,4,,,,,2,3,3,3,3,2,3,2,5,3,2,2,2,3,2,2,
192,1,37,,,1,4,,,,,,,,,,,,,2,4,4,2,2,1,2,3,5,4,2,1,1,1,6,6,
193,1,27,1,6,,,,,,,,,,,,,,,2,2,4,1,2,2,2,2,2,3,3,3,1,4,2,2,
194,1,39,,,,,,,,,1,4,,,,,,,4,2,4,3,4,1,3,3,5,4,4,5,3,5,4,5,
195,1,38,,,,,,,,,,,,,,,1,4,4,1,5,1,5,1,4,4,5,4,4,4,4,5,6,6,
196,1,33,,,,,,,,,1,4,,,,,,,5,1,4,2,4,2,4,4,5,5,5,4,4,4,5,6,
197,1,28,,,,,,,,,,,,,1,4,,,3,3,3,3,4,2,3,4,5,3,4,2,2,3,5,5,
198,1,37,1,4,,,,,,,,,,,,,,,4,2,5,5,4,1,5,5,5,5,5,5,5,4,6,7,
199,1,36,,,,,,,1,4,,,,,,,,,2,3,4,3,3,1,3,4,5,2,4,1,2,3,1,6,
200,1,40,,,,,1,4,,,,,,,,,,,3,3,4,3,3,3,3,3,5,2,2,2,2,2,5,5,
201,1,35,,,,,,,,,,,,,,,1,4,4,2,4,2,3,2,3,3,5,3,5,1,4,4,2,5,
202,1,38,1,4,,,,,,,,,,,,,,,3,3,4,3,3,2,3,3,5,3,4,5,4,3,7,7,
203,1,36,,,,,,,,,1,4,,,,,,,3,4,4,4,2,1,2,1,5,3,3,3,5,2,5,6,
204,1,37,,,,,,,1,4,,,,,,,,,3,4,4,4,3,2,3,3,5,1,2,3,3,2,6,5,
205,1,33,,,,,,,,,,,1,4,,,,,3,2,4,3,3,2,2,4,5,2,3,3,2,2,5,5,
206,1,33,,,,,,,,,,,,,1,4,,,3,2,4,2,3,1,3,3,5,4,4,2,4,4,7,7,
207,1,38,,,,,1,4,,,,,,,,,,,2,4,3,3,2,3,2,2,5,3,2,2,2,2,6,6,
208,1,26,,,1,4,,,,,,,,,,,,,4,1,5,3,5,1,5,4,5,5,4,5,4,5,7,7,
209,1,25,,,,,1,4,,,,,,,,,,,3,3,4,3,3,3,4,4,5,4,3,4,3,5,6,5,
210,1,35,1,4,,,,,,,,,,,,,,,4,2,4,2,4,2,4,4,5,3,4,4,3,2,4,6,
211,1,34,,,,,,,,,1,4,,,,,,,3,2,4,3,2,2,2,3,5,3,4,3,2,2,2,5,
212,1,22,,,,,,,,,,,1,4,,,,,4,2,5,4,4,2,4,4,5,2,4,3,4,4,7,7,
213,1,37,,,,,,,1,4,,,,,,,,,3,2,4,2,3,2,3,3,5,4,4,3,2,2,3,3,
214,1,37,1,4,,,,,,,,,,,,,,,4,2,4,2,4,2,4,4,5,2,4,1,1,1,1,2,
215,1,39,,,,,,,1,4,,,,,,,,,3,2,5,2,4,2,2,3,5,4,4,2,4,2,7,7,
216,1,37,,,,,1,4,,,,,,,,,,,3,2,3,3,4,2,3,4,5,4,3,3,4,3,5,6,
217,1,39,,,,,,,,,,,,,1,4,,,5,1,5,1,5,1,4,5,5,4,5,5,5,4,6,7,
218,1,36,,,,,,,,,,,,,,,1,4,3,4,3,3,3,2,3,4,5,3,3,2,4,3,4,4,
219,1,39,,,,,,,,,1,4,,,,,,,5,2,5,2,4,2,5,5,5,4,4,4,4,4,7,7,
220,1,40,,,1,4,,,,,,,,,,,,,1,5,1,5,2,3,1,2,5,4,2,4,1,1,5,5,
221,1,31,,,,,,,,,,,1,4,,,,,4,2,4,3,4,1,3,3,5,3,4,3,3,4,5,5,
222,1,40,,,,,,,1,4,,,,,,,,,1,5,2,5,1,4,1,1,5,1,2,3,1,1,3,1,
223,1,25,,,1,4,,,,,,,,,,,,,4,2,1,2,3,3,3,3,2,2,3,1,3,1,5,3,
224,1,40,1,4,,,,,,,,,,,,,,,5,1,5,1,5,1,5,5,5,4,4,4,3,4,7,7,
225,1,40,,,,,,,,,,,,,1,4,,,3,3,3,3,2,2,3,3,5,2,2,2,3,2,5,5,
226,1,36,,,,,,,,,,,1,4,,,,,2,4,4,5,1,1,2,1,5,2,4,3,4,2,1,5,
227,1,36,,,,,1,4,,,,,,,,,,,3,4,4,4,3,2,3,2,5,4,4,4,4,3,7,6,
228,1,39,,,,,,,,,,,1,4,,,,,3,3,4,3,4,2,3,3,5,2,4,4,4,3,2,3,
229,1,38,,,,,,,,,,,,,,,1,4,3,4,3,3,3,2,3,3,5,3,1,1,1,1,2,2,
230,1,34,,,1,4,,,,,,,,,,,,,3,3,4,3,4,2,3,2,5,2,3,3,3,4,3,5,
231,1,39,,,,,,,,,1,4,,,,,,,4,2,4,2,4,2,4,4,5,4,4,3,3,4,2,5,
232,1,36,,,,,1,4,,,,,,,,,,,4,1,5,1,5,1,5,4,5,4,5,1,5,3,5,5,
233,1,33,,,,,1,4,,,,,,,,,,,4,3,2,2,2,2,2,2,5,3,3,4,2,2,3,3,
234,1,35,,,1,4,,,,,,,,,,,,,5,1,4,4,4,1,4,4,5,4,4,5,3,2,6,6,
235,1,39,1,4,,,,,,,,,,,,,,,1,4,3,5,3,2,1,2,5,3,4,4,2,2,7,6,
236,1,18,,,,,,,,,,,1,4,,,,,4,4,3,4,4,3,4,4,5,4,3,4,4,4,2,5,
237,1,37,,,,,,,,,,,,,,,1,4,4,1,5,1,5,1,4,4,5,2,4,1,4,2,5,6,
238,1,37,,,,,,,,,,,1,4,,,,,3,3,2,4,3,3,3,2,5,2,2,2,2,2,2,2,
239,1,33,,,,,,,1,4,,,,,,,,,2,4,2,4,1,3,2,2,5,1,3,3,1,1,4,4,
240,1,35,,,,,,,,,1,4,,,,,,,4,2,4,3,4,2,3,3,5,2,2,2,2,2,6,5,
241,1,22,,,,,1,4,,,,,,,,,,,4,2,4,2,5,1,4,4,5,4,5,5,4,4,5,6,
242,1,36,,,,,,,,,,,,,1,4,,,2,3,4,3,3,2,3,3,5,4,4,2,5,4,5,6,
243,1,33,1,4,,,,,,,,,,,,,,,3,3,3,4,4,3,4,2,5,4,4,5,5,4,6,6,
244,1,39,,,1,4,,,,,,,,,,,,,4,2,4,2,4,2,4,4,5,4,4,4,4,4,5,5,
245,1,20,,,,,,,1,4,,,,,,,,,4,2,5,2,4,2,3,4,5,3,4,5,5,4,6,6,
246,1,27,,,,,1,4,,,,,,,,,,,4,3,4,4,4,1,4,4,5,4,4,4,4,3,6,6,
247,1,33,,,,,,,,,,,,,1,4,,,4,2,4,2,4,2,4,4,5,4,5,4,5,5,6,6,
248,2,,,,,,,,,,,,,,,,,,,,,,,,,,,,,,,,,,
249,1,18,,,,,1,4,,,,,,,,,,,4,2,5,4,4,1,2,4,5,2,4,2,4,2,1,5,
250,1,40,,,,,,,,,,,,,,,1,4,4,2,4,2,4,2,3,4,5,4,4,3,4,4,5,5,
251,1,18,,,,,,,,,,,1,4,,,,,4,3,4,2,2,1,2,3,5,4,1,1,2,2,3,3,
252,1,31,,,,,,,1,4,,,,,,,,,3,3,3,3,3,2,3,3,5,4,4,3,4,4,1,5,
253,1,38,,,1,4,,,,,,,,,,,,,4,3,4,3,3,2,3,4,5,3,4,4,4,3,5,5,
254,1,32,1,4,,,,,,,,,,,,,,,1,5,2,4,1,3,1,1,5,2,3,3,2,1,6,6,
255,1,34,,,,,,,,,,,,,1,4,,,4,2,4,4,4,2,4,4,5,4,2,1,2,1,6,6,
256,1,19,,,,,1,4,,,,,,,,,,,4,2,4,2,4,2,4,4,5,4,4,2,4,4,6,5,
257,1,20,,,1,4,,,,,,,,,,,,,4,2,5,4,3,2,3,4,5,2,5,4,4,2,6,6,
258,1,18,,,,,,,,,,,,,,,1,4,4,2,3,4,3,1,2,3,5,2,4,4,4,2,3,5,
259,1,32,,,,,,,1,4,,,,,,,,,3,4,4,3,4,3,3,4,5,3,4,4,4,4,6,5,
260,1,27,1,4,,,,,,,,,,,,,,,3,2,4,3,2,3,3,2,5,3,4,3,1,1,3,3,
261,1,36,,,,,,,,,1,4,,,,,,,5,1,5,1,4,1,5,5,5,4,5,5,5,4,5,7,
262,1,34,,,,,1,4,,,,,,,,,,,4,2,4,2,4,2,4,4,5,3,4,4,4,3,7,6,
263,1,25,,,,,,,,,,,,,1,4,,,3,1,2,2,3,1,3,3,5,3,5,1,3,1,7,7,
264,1,20,,,,,,,,,,,,,,,1,4,3,2,4,4,3,2,2,3,5,3,2,2,4,3,5,5,
265,1,33,,,,,,,1,4,,,,,,,,,4,4,3,4,4,4,3,5,5,4,4,3,3,4,5,5,
266,1,40,,,,,,,,,,,,,1,4,,,5,2,5,1,5,1,4,5,5,5,5,5,5,5,7,7,
267,1,39,,,,,,,1,4,,,,,,,,,2,4,4,4,2,3,2,2,5,4,4,3,2,3,1,2,
268,1,38,,,,,,,,,,,1,4,,,,,3,3,3,3,3,3,3,3,3,3,3,3,3,3,5,5,
269,1,21,,,,,,,,,,,,,,,1,4,3,2,3,4,2,2,3,3,5,3,2,2,3,2,2,3,
270,1,34,1,4,,,,,,,,,,,,,,,4,4,5,3,3,1,3,3,5,3,4,2,4,2,5,5,
271,1,30,,,1,4,,,,,,,,,,,,,3,2,5,3,4,2,4,4,5,4,2,4,5,3,6,5,
272,1,29,,,,,,,,,,,1,4,,,,,3,3,3,3,3,3,3,3,5,3,3,3,3,3,4,4,
273,1,40,,,,,,,1,4,,,,,,,,,2,4,4,4,3,3,1,2,5,4,3,4,3,2,4,6,
274,1,24,,,,,,,,,1,4,,,,,,,5,1,5,1,5,1,5,5,5,5,5,5,2,4,2,7,
275,1,28,1,4,,,,,,,,,,,,,,,3,2,2,2,2,3,1,3,5,2,2,2,1,2,1,2,
276,1,35,,,,,,,,,,,,,1,4,,,4,4,4,4,4,3,3,3,5,4,3,4,4,3,5,6,
277,1,21,,,,,,,,,,,1,4,,,,,4,5,4,4,4,4,4,3,5,4,4,3,4,4,5,5,
278,1,38,1,4,,,,,,,,,,,,,,,4,4,4,2,4,2,4,3,5,4,4,4,4,3,6,5,
279,1,36,,,,,,,,,,,,,1,4,,,3,3,3,4,2,1,3,2,5,2,3,3,3,2,5,5,
280,1,25,,,,,1,4,,,,,,,,,,,4,2,4,2,4,2,4,4,5,4,5,5,4,4,6,7,
281,1,36,,,,,,,,,,,,,1,4,,,4,2,3,2,4,1,4,4,5,4,4,4,5,4,7,7,
282,1,23,,,,,,,1,4,,,,,,,,,2,4,4,4,2,2,3,2,5,1,2,2,1,4,6,5,
283,1,31,1,4,,,,,,,,,,,,,,,4,3,4,3,4,1,3,3,5,4,4,4,4,4,5,6,
284,2,,,,,,,,,,,,,,,,,,,,,,,,,,,,,,,,,,
285,1,23,,,,,,,1,4,,,,,,,,,4,2,4,3,3,2,4,3,5,4,4,2,4,2,5,5,
286,1,25,,,,,1,4,,,,,,,,,,,5,1,5,1,5,1,5,5,5,5,5,5,5,5,7,7,
287,1,35,,,,,,,,,1,4,,,,,,,4,1,4,2,4,1,4,4,5,5,5,4,4,4,6,6,
288,1,19,,,,,,,,,,,,,,,1,4,3,1,1,3,1,4,3,3,5,1,1,1,1,1,2,5,
289,1,18,,,,,,,,,,,1,4,,,,,5,3,4,2,3,2,4,4,5,4,4,5,3,3,5,6,
290,1,34,,,,,,,,,,,,,1,4,,,4,1,4,2,3,1,4,4,5,4,4,2,3,3,7,7,
291,1,33,,,,,,,,,1,4,,,,,,,3,3,3,3,3,3,3,3,3,1,1,1,1,1,4,4,
292,1,35,1,4,,,,,,,,,,,,,,,4,1,4,2,3,1,3,1,5,5,1,5,4,1,7,7,
293,1,31,,,,,1,4,,,,,,,,,,,2,4,5,4,5,2,2,2,5,3,4,2,5,2,5,5,
294,1,34,,,,,,,,,,,1,4,,,,,2,4,4,2,4,2,4,2,5,3,2,4,2,2,5,3,
295,2,,,,,,,,,,,,,,,,,,,,,,,,,,,,,,,,,,
296,1,21,,,,,,,,,,,,,1,4,,,4,2,4,2,4,2,4,4,5,3,4,4,3,4,5,6,
297,1,38,,,1,4,,,,,,,,,,,,,3,2,3,3,3,2,2,1,2,3,2,3,3,3,3,3,
298,1,29,,,,,,,,,,,1,4,,,,,3,2,4,2,2,2,3,2,5,2,2,3,2,2,3,3,
299,1,32,,,,,1,4,,,,,,,,,,,4,3,4,4,3,2,3,3,5,3,4,4,4,4,6,6,
300,1,37,,,,,,,,,1,4,,,,,,,2,2,4,3,4,1,3,4,5,4,5,5,5,5,1,7,
301,1,36,,,,,,,,,,,,,,,1,4,3,3,4,3,3,2,3,2,5,4,4,2,3,3,5,4,
302,1,37,,,1,4,,,,,,,,,,,,,3,3,3,3,2,4,2,4,5,4,3,4,4,4,5,3,
303,1,28,1,4,,,,,,,,,,,,,,,3,2,4,3,2,1,3,4,5,4,4,4,4,4,6,6,
304,1,20,,,,,,,,,,,1,4,,,,,4,2,4,2,4,1,4,4,5,3,4,4,3,4,5,6,
305,1,38,,,,,,,,,,,,,1,4,,,3,3,3,2,3,2,3,3,5,2,3,2,2,2,3,4,
306,1,33,,,,,,,,,1,4,,,,,,,3,3,3,1,3,1,3,3,5,1,1,1,1,1,7,7,
307,1,35,,,,,,,1,4,,,,,,,,,4,2,4,2,4,2,4,4,5,4,5,5,2,3,5,6,
308,1,29,1,4,,,,,,,,,,,,,,,3,3,3,3,3,3,3,3,5,3,4,3,3,3,4,4,
309,1,39,,,1,4,,,,,,,,,,,,,3,3,3,3,3,2,3,3,5,3,2,4,2,3,4,5,
310,1,31,,,,,,,,,,,,,,,1,4,2,4,2,4,2,3,2,2,5,2,2,1,4,4,3,5,
311,1,34,,,,,,,1,4,,,,,,,,,5,1,5,1,5,1,5,5,5,5,5,5,5,5,7,7,
312,1,29,1,4,,,,,,,,,,,,,,,1,4,1,5,2,4,2,1,5,3,1,1,1,1,6,6,
313,1,36,,,,,,,,,1,4,,,,,,,4,2,4,2,2,3,4,4,5,4,4,3,3,2,6,6,
314,1,38,,,,,,,,,,,,,,,1,4,3,1,4,2,4,1,3,3,5,3,4,4,3,3,6,6,
315,1,34,,,,,1,4,,,,,,,,,,,3,2,4,3,4,2,3,4,5,4,4,4,3,4,5,5,
316,1,35,,,1,4,,,,,,,,,,,,,3,4,2,4,2,1,2,3,5,1,2,3,3,2,5,5,
317,1,18,,,,,1,4,,,,,,,,,,,4,2,5,3,4,1,4,4,5,2,4,4,4,5,7,7,
318,1,40,,,,,,,,,,,1,4,,,,,1,5,1,5,1,1,1,1,5,1,1,1,1,1,1,1,
319,1,37,,,,,,,,,,,,,1,4,,,4,2,4,2,4,2,4,4,5,4,4,3,4,4,6,5,
320,1,22,,,,,,,,,,,,,1,4,,,3,3,4,2,3,1,3,3,5,4,4,3,3,4,6,6,
321,1,39,1,4,,,,,,,,,,,,,,,4,3,4,3,4,3,3,3,5,4,4,4,4,3,7,7,
322,1,31,,,,,1,4,,,,,,,,,,,1,5,1,5,1,5,1,1,5,1,1,1,1,1,2,2,
323,1,38,,,1,4,,,,,,,,,,,,,4,2,4,2,4,1,4,4,5,2,2,2,2,2,5,5,
324,1,39,,,,,,,,,1,4,,,,,,,4,1,4,1,3,1,3,3,5,3,4,4,3,3,6,6,
325,1,38,,,,,1,4,,,,,,,,,,,4,4,4,4,4,4,4,4,4,4,4,4,4,4,5,5,
326,1,40,,,,,,,,,,,,,,,1,4,3,3,3,3,3,3,3,3,5,3,4,4,3,3,4,5,
327,1,37,,,1,4,,,,,,,,,,,,,4,1,5,1,4,1,4,4,5,3,4,4,5,2,5,6,
328,1,30,,,,,,,,,,,,,1,4,,,4,2,4,2,4,2,4,4,5,4,5,4,4,5,6,6,
329,1,40,1,4,,,,,,,,,,,,,,,2,4,4,3,4,2,3,4,5,3,4,4,4,2,7,7,
330,1,27,,,,,,,,,,,1,4,,,,,2,3,3,2,2,3,2,2,5,3,4,4,2,2,3,4,
331,1,38,,,,,,,1,4,,,,,,,,,4,2,4,3,4,2,4,4,5,3,4,2,4,4,6,6,
332,1,39,,,1,4,,,,,,,,,,,,,2,3,4,3,3,3,4,4,5,4,3,4,4,4,4,5,
333,1,35,1,4,,,,,,,,,,,,,,,4,4,5,4,3,2,4,4,5,2,4,4,2,2,6,5,
334,1,34,,,,,,,,,,,,,,,1,4,3,3,3,4,3,2,3,3,5,3,4,3,3,3,4,4,
335,1,38,,,,,1,4,,,,,,,,,,,4,2,4,2,2,1,3,4,5,4,4,4,4,2,7,7,
336,1,35,,,,,,,,,,,,,1,4,,,4,3,4,3,4,3,4,4,5,4,4,4,4,3,5,5,
337,1,38,1,4,,,,,,,,,,,,,,,4,4,4,4,4,4,4,4,4,4,4,4,4,4,7,7,
338,1,27,,,,,1,4,,,,,,,,,,,5,1,4,1,4,1,5,5,5,5,5,4,5,5,6,7,
339,1,34,,,,,,,,,,,1,4,,,,,4,2,4,2,4,2,4,4,5,4,5,4,5,3,6,6,
340,1,32,,,,,,,,,,,,,,,1,4,3,1,4,2,3,1,3,3,5,4,3,4,2,3,7,6,
341,1,35,,,,,,,1,4,,,,,,,,,3,3,4,3,3,1,3,3,5,2,2,1,1,1,5,5,
342,1,35,1,4,,,,,,,,,,,,,,,4,1,4,2,4,1,4,4,5,3,4,4,4,4,5,5,
343,1,40,,,,,,,,,,,,,1,4,,,4,2,4,3,4,1,4,3,5,4,3,4,4,2,5,6,
344,1,35,,,,,1,4,,,,,,,,,,,4,2,5,4,4,1,3,4,5,4,4,3,2,1,3,5,
345,1,36,,,,,,,,,,,,,,,1,4,3,3,5,3,2,1,3,2,5,2,4,1,5,2,5,6,
346,1,35,,,,,,,,,1,4,,,,,,,4,2,4,2,4,1,4,4,5,4,4,4,3,4,6,6,
347,1,35,,,1,4,,,,,,,,,,,,,3,3,3,3,2,3,3,3,5,2,2,2,2,2,3,3,
348,1,40,,,,,1,4,,,,,,,,,,,3,3,5,2,3,1,3,4,5,5,5,5,3,4,7,7,
349,1,33,,,,,,,,,,,3,4,,,,,3,4,3,2,3,3,3,3,5,4,3,4,3,3,2,2,
350,1,37,,,,,,,,,,,,,1,4,,,4,2,5,3,4,2,4,4,5,5,5,5,5,5,7,7,
351,1,38,,,,,1,4,,,,,,,,,,,4,2,5,3,4,2,4,4,5,4,4,4,4,4,6,6,
352,1,31,,,,,,,,,,,,,,,1,4,4,2,4,3,3,1,3,4,5,3,4,5,5,3,2,6,
353,1,35,1,4,,,,,,,,,,,,,,,2,5,4,5,3,2,1,2,5,1,1,1,1,1,5,5,
354,1,40,,,,,,,1,4,,,,,,,,,4,2,4,3,4,2,4,4,5,3,4,4,2,3,6,6,
355,1,34,,,,,,,,,1,4,,,,,,,5,1,5,3,4,1,4,4,5,5,5,4,4,3,6,7,
356,1,40,,,,,,,,,,,,,1,4,,,4,2,4,1,3,2,4,4,5,4,4,4,3,4,7,7,
357,1,40,,,,,,,,,,,,,,,1,4,3,3,3,3,2,3,3,3,5,2,5,4,5,3,4,4,
358,1,38,1,4,,,,,,,,,,,,,,,3,3,3,2,4,2,2,2,3,2,3,4,2,3,3,4,
359,1,38,,,,,,,1,4,,,,,,,,,4,1,5,2,4,1,4,4,5,4,5,5,5,5,2,7,
360,1,24,,,,,,,,,,,1,4,,,,,4,2,3,3,3,1,4,4,5,2,1,5,5,5,7,7,
361,1,21,,,,,,,,,1,4,,,,,,,4,2,3,1,4,2,3,4,5,5,5,5,4,4,7,6,
362,1,23,,,,,,,,,,,,,1,4,,,2,3,4,3,2,3,3,3,5,4,3,3,3,3,2,2,
363,1,30,,,,,,,,,,,,,,,1,4,4,2,4,2,4,1,3,3,5,5,5,2,5,3,3,5,
364,1,26,,,,,1,4,,,,,,,,,,,4,4,4,4,4,1,4,4,5,3,5,5,4,5,5,5,
365,2,,,,,,,,,,,,,,,,,,,,,,,,,,,,,,,,,,
366,1,40,1,4,,,,,,,,,,,,,,,4,2,4,2,4,1,4,3,5,3,4,5,1,3,4,4,
367,1,40,,,,,1,4,,,,,,,,,,,4,2,4,3,4,1,3,4,5,5,4,3,4,4,6,6,
368,1,36,,,,,,,,,1,4,,,,,,,2,2,4,3,3,1,3,3,5,2,3,4,2,2,6,7,
369,1,39,,,,,,,1,4,,,,,,,,,2,3,3,2,2,3,3,3,5,3,1,1,1,1,1,4,
370,1,36,,,,,,,,,,,,,1,4,,,4,2,4,2,4,3,4,1,5,5,5,1,5,3,5,5,
371,1,37,,,,,,,,,,,1,4,,,,,3,3,4,3,3,2,3,3,5,2,4,3,4,2,6,5,
372,1,33,,,,,1,4,,,,,,,,,,,4,1,4,2,4,2,4,4,5,4,4,4,4,4,7,6,
373,1,39,,,,,,,,,,,,,1,4,,,2,2,4,3,2,2,3,3,5,4,2,2,4,2,6,6,
374,1,21,,,,,,,,,,,,,,,1,4,4,2,4,2,5,1,4,4,5,4,4,4,5,4,6,6,
375,1,40,,,,,,,,,,,1,4,,,,,5,1,5,1,5,1,5,5,5,5,5,5,5,5,7,7,
376,1,35,,,,,1,4,,,,,,,,,,,3,3,3,3,4,2,3,3,5,2,2,1,1,2,4,6,
377,1,21,,,,,,,1,4,,,,,,,,,4,2,2,4,3,1,3,4,5,2,2,4,2,5,4,6,
378,1,38,,,,,,,,,,,,,1,4,,,2,3,4,4,3,3,2,3,5,4,2,1,2,2,7,7,
379,1,24,1,4,,,,,,,,,,,,,,,4,2,4,2,4,2,4,4,5,3,2,3,4,4,5,5,
380,1,34,,,,,,,,,,,,,,,1,4,2,4,2,4,3,2,2,3,5,4,2,4,2,1,3,3,
381,1,39,,,,,1,4,,,,,,,,,,,1,4,4,5,2,2,2,2,5,3,2,2,2,2,6,7,
382,1,35,,,,,,,,,,,,,1,4,,,3,3,5,2,4,1,2,4,5,3,4,4,1,2,3,6,
383,1,30,,,,,,,,,,,1,4,,,,,3,3,4,3,3,1,3,3,5,2,2,2,2,2,5,5,
384,1,32,,,,,,,,,,,,,,,1,4,3,3,5,3,3,1,3,2,5,2,2,3,2,2,5,4,
385,1,37,1,4,,,,,,,,,,,,,,,1,5,1,5,1,4,1,1,5,1,1,1,1,1,6,6,
386,1,38,,,,,,,,,,,,,,,1,4,1,5,2,5,2,3,1,1,5,2,2,1,4,1,2,2,
387,1,35,,,,,,,,,,,1,4,,,,,2,3,4,2,3,2,3,2,5,2,2,2,2,2,2,3,
388,1,28,,,,,,,1,4,,,,,,,,,4,1,4,2,3,2,3,2,5,4,4,2,3,3,2,5,
389,1,39,1,4,,,,,,,,,,,,,,,4,2,4,2,4,1,4,4,5,4,5,5,4,3,6,6,
390,1,39,,,1,4,,,,,,,,,,,,,4,1,4,1,4,1,4,4,5,4,4,4,4,3,5,6,
391,1,29,,,,,,,,,,,,,1,4,,,2,2,3,2,4,3,2,3,5,4,4,3,4,4,5,5,
392,1,40,,,,,,,,,,,1,4,,,,,4,2,4,2,4,2,3,4,5,2,4,4,3,4,5,5,
393,1,31,,,,,,,,,,,,,,,1,4,2,2,2,3,2,3,2,2,5,3,4,3,3,3,5,5,
394,1,19,,,,,,,,,1,4,,,,,,,3,3,4,3,3,3,3,3,5,3,4,4,2,2,5,5,
395,1,30,,,,,,,,,,,,,1,4,,,4,4,4,2,4,2,4,4,5,4,3,4,3,2,4,5,
396,1,33,1,4,,,,,,,,,,,,,,,2,3,4,4,3,1,2,2,5,4,4,5,2,4,6,5,
397,1,38,,,,,,,1,4,,,,,,,,,2,5,3,4,1,3,1,1,5,3,2,1,2,2,6,7,
398,1,40,1,4,,,,,,,,,,,,,,,3,3,3,3,4,3,3,3,5,2,2,2,2,2,3,3,
399,1,31,,,,,,,,,,,1,4,,,,,4,2,4,1,4,1,2,4,5,2,2,4,2,2,5,5,
400,1,38,,,1,4,,,,,,,,,,,,,3,3,3,3,3,3,3,3,5,1,1,1,1,1,5,2,
401,1,40,,,,,,,1,4,,,,,,,,,4,4,3,4,3,2,2,3,5,4,2,2,2,2,5,5,
402,1,29,,,,,,,,,1,4,,,,,,,4,2,4,3,4,2,4,4,5,4,4,3,4,3,5,5,
