StartDate,EndDate,Status,IPAddress,Progress,Duration (in seconds),Finished,RecordedDate,ResponseId,RecipientLastName,RecipientFirstName,RecipientEmail,ExternalReference,LocationLatitude,LocationLongitude,DistributionChannel,UserLanguage,Q12,Q13,1/5_1,1/5_2,1/5_3,1/5_4,1/5_5,1/5_6,1/5_7,1/5_8,2/5_1,2/5_2,2/5_3,2/5_4,2/5_5,3/5_1,QID7_1,4/5_1,4/5_2,4/5_3,4/5_4,4/5_5,4/5_6,4/5_7,4/5_8,4/5_9,4/5_10,4/5_11,4/5_12,4/5_13,4/5_14,4/5_15,4/5_16,4/5_17,4/5_18,4/5_19,4/5_20,5/5_1,5/5_2,5/5_3,5/5_4,5/5_5,5/5_6,5/5_7,5/5_8,5/5_9,5/5_10,5/5_11,5/5_12,5/5_13,5/5_14,5/5_15,5/5_16,5/5_17,5/5_18,5/5_19,5/5_20
開始日,終了日,回答タイプ,IPアドレス,進行状況,時間（秒単位）,終了,記録日,回答ID,受信者の姓,受信者の名,受信者のメールアドレス,外部データ参照,位置の緯度,位置の経度,配信のチャンネル,ユーザーの言語,実験者から指定されたIDを選択してください,実験者から指定された数字を入力してください,会話相手であるロボットについてお尋ねします。各項目をよく読んで、あてはまるところを選択してください。 - 会話相手は私の友人になれると思う,会話相手であるロボットについてお尋ねします。各項目をよく読んで、あてはまるところを選択してください。 - 会話相手と私は互いに友情を築くことはできないと思う,会話相手であるロボットについてお尋ねします。各項目をよく読んで、あてはまるところを選択してください。 - 会話相手と私は友好的なおしゃべりをすることができると思う,会話相手であるロボットについてお尋ねします。各項目をよく読んで、あてはまるところを選択してください。 - 会話相手が私の友人の輪に入るとは思わない,会話相手であるロボットについてお尋ねします。各項目をよく読んで、あてはまるところを選択してください。 - 会話相手は一緒にいて楽しいと思う,会話相手であるロボットについてお尋ねします。各項目をよく読んで、あてはまるところを選択してください。 - 会話相手は一緒にいて不快だと思う,会話相手であるロボットについてお尋ねします。各項目をよく読んで、あてはまるところを選択してください。 - 会話相手と私は親しい友人になれると思う,会話相手であるロボットについてお尋ねします。各項目をよく読んで、あてはまるところを選択してください。 - 会話相手とまた会いたいと思う,交流相手であるロボットとのコミュニケーションについてお尋ねします。各項目をよく読んで、あてはまるところを選択してください。 - 会話中、交流相手の反応を見極めることができた,交流相手であるロボットとのコミュニケーションについてお尋ねします。各項目をよく読んで、あてはまるところを選択してください。 - 会話中、交流相手と向かい合っているような気がした,交流相手であるロボットとのコミュニケーションについてお尋ねします。各項目をよく読んで、あてはまるところを選択してください。 - 会話中、交流相手と同じ部屋にいるような気がした,交流相手であるロボットとのコミュニケーションについてお尋ねします。各項目をよく読んで、あてはまるところを選択してください。 - 会話中、交流相手が現実にいるような気がした,交流相手であるロボットとのコミュニケーションについてお尋ねします。各項目をよく読んで、あてはまるところを選択してください。 - 会話中、交流相手のことを本当に知ることができるような気がした,次の項目をよく読んで、あてはまるところを選択してください。 - 会話相手はどの程度識別可能でしたか,次の項目をよく読んで、あてはまるところを選択してください。 - 会話相手について認識することができた,各項目をよく読んで、あなたにあてはまるところを選択してください。 - 人前で文字を書かなければならない時、不安になる,各項目をよく読んで、あなたにあてはまるところを選択してください。 - 公衆トイレを使う時、自意識過剰になる,各項目をよく読んで、あなたにあてはまるところを選択してください。 - 自分の声や、自分の話を聞いている人の存在に突然気づくことがある,各項目をよく読んで、あなたにあてはまるところを選択してください。 - 道を歩いている時、人が自分をじっと見ていると思い、緊張する,各項目をよく読んで、あなたにあてはまるところを選択してください。 - 人といる時、赤面するのではないかと怖くなる,各項目をよく読んで、あなたにあてはまるところを選択してください。 - 他の人達がすでに着席している部屋に入る時、自意識過剰になる,各項目をよく読んで、あなたにあてはまるところを選択してください。 - 他の人に見られている時、震えてしまうのではないかと心配になる,各項目をよく読んで、あなたにあてはまるところを選択してください。 - バスや電車で人と向かい合わせに座ったら、緊張する,各項目をよく読んで、あなたにあてはまるところを選択してください。 - 人が自分のことをふらついているとか、病気であると思っているかもしれないと考えパニックになる,各項目をよく読んで、あなたにあてはまるところを選択してください。 - たくさんの人と一緒にいる時は、飲み物を飲みにくいと思う,各項目をよく読んで、あなたにあてはまるところを選択してください。 - レストランで知らない人と食事をする時は、自意識過剰になる,各項目をよく読んで、あなたにあてはまるところを選択してください。 - 人が自分の行動を奇妙だと思うのではないかと心配する,各項目をよく読んで、あなたにあてはまるところを選択してください。 - 混雑した食堂でトレイを運ぶとしたら、緊張するだろう,各項目をよく読んで、あなたにあてはまるところを選択してください。 - 人前で自分をコントロールできなくなるのではないかと心配する,各項目をよく読んで、あなたにあてはまるところを選択してください。 - 人の注目を浴びるようなことをしてしまうのではないかと心配する,各項目をよく読んで、あなたにあてはまるところを選択してください。 - エレベーターに乗っている時、人が自分を見ているのではないかと緊張する,各項目をよく読んで、あなたにあてはまるところを選択してください。 - 列に並んでいる時、目立っていると感じることがある,各項目をよく読んで、あなたにあてはまるところを選択してください。 - 人前で話す時、緊張する,各項目をよく読んで、あなたにあてはまるところを選択してください。 - 人前で頭が上下左右に揺れるかもしれないと心配する,各項目をよく読んで、あなたにあてはまるところを選択してください。 - 人が自分を見ていることがわかると、ぎこちなくなったり緊張したりする,各項目をよく読んで、あなたにあてはまるところを選択してください。 - 目上の人（先生、上司など）と話さなければならない時、緊張する,各項目をよく読んで、あなたにあてはまるところを選択してください。 - 人と目を合わせるのは難しい,各項目をよく読んで、あなたにあてはまるところを選択してください。 - 自分のことや自分の気持ちについて話す時、緊張する,各項目をよく読んで、あなたにあてはまるところを選択してください。 - 同僚とうまくやっていくのは難しいと感じる,各項目をよく読んで、あなたにあてはまるところを選択してください。 - 同年代の人と友達になるのはたやすい,各項目をよく読んで、あなたにあてはまるところを選択してください。 - 道で知り合いに会うと緊張する,各項目をよく読んで、あなたにあてはまるところを選択してください。 - 社交的に人とつきあうのは苦痛である,各項目をよく読んで、あなたにあてはまるところを選択してください。 - 誰かと2人っきりになると緊張する,各項目をよく読んで、あなたにあてはまるところを選択してください。 - パーティーなどで人と会うのは平気だ,各項目をよく読んで、あなたにあてはまるところを選択してください。 - 人と話すのは難しい,各項目をよく読んで、あなたにあてはまるところを選択してください。 - 話題を見つけるのはたやすい,各項目をよく読んで、あなたにあてはまるところを選択してください。 - 自分を表現するとき、ぎこちないと思われるのではないかと心配する,各項目をよく読んで、あなたにあてはまるところを選択してください。 - 人の意見に反対するのは難しい,各項目をよく読んで、あなたにあてはまるところを選択してください。 - 魅力的な異性と話すのは難しい,各項目をよく読んで、あなたにあてはまるところを選択してください。 - 人前で何を話したらよいかわからないと心配する,各項目をよく読んで、あなたにあてはまるところを選択してください。 - よく知らない人とつきあうのは緊張する,各項目をよく読んで、あなたにあてはまるところを選択してください。 - 話をしている時、恥ずかしいことを言っているのではないかと感じる,各項目をよく読んで、あなたにあてはまるところを選択してください。 - 集団でいる時、自分は無視されているのではないかと心配する,各項目をよく読んで、あなたにあてはまるところを選択してください。 - 集団でつきあうのは緊張する,各項目をよく読んで、あなたにあてはまるところを選択してください。 - あまり知らない人に会った時、あいさつするかどうか迷う
"{""ImportId"":""startDate"",""timeZone"":""Asia/Seoul""}","{""ImportId"":""endDate"",""timeZone"":""Asia/Seoul""}","{""ImportId"":""status""}","{""ImportId"":""ipAddress""}","{""ImportId"":""progress""}","{""ImportId"":""duration""}","{""ImportId"":""finished""}","{""ImportId"":""recordedDate"",""timeZone"":""Asia/Seoul""}","{""ImportId"":""_recordId""}","{""ImportId"":""recipientLastName""}","{""ImportId"":""recipientFirstName""}","{""ImportId"":""recipientEmail""}","{""ImportId"":""externalDataReference""}","{""ImportId"":""locationLatitude""}","{""ImportId"":""locationLongitude""}","{""ImportId"":""distributionChannel""}","{""ImportId"":""userLanguage""}","{""ImportId"":""QID12""}","{""ImportId"":""QID13_TEXT""}","{""ImportId"":""QID1_1""}","{""ImportId"":""QID1_2""}","{""ImportId"":""QID1_3""}","{""ImportId"":""QID1_4""}","{""ImportId"":""QID1_5""}","{""ImportId"":""QID1_6""}","{""ImportId"":""QID1_7""}","{""ImportId"":""QID1_8""}","{""ImportId"":""QID3_1""}","{""ImportId"":""QID3_2""}","{""ImportId"":""QID3_3""}","{""ImportId"":""QID3_4""}","{""ImportId"":""QID3_5""}","{""ImportId"":""QID5_1""}","{""ImportId"":""QID7_1""}","{""ImportId"":""QID8_1""}","{""ImportId"":""QID8_2""}","{""ImportId"":""QID8_3""}","{""ImportId"":""QID8_4""}","{""ImportId"":""QID8_5""}","{""ImportId"":""QID8_6""}","{""ImportId"":""QID8_7""}","{""ImportId"":""QID8_8""}","{""ImportId"":""QID8_9""}","{""ImportId"":""QID8_10""}","{""ImportId"":""QID8_11""}","{""ImportId"":""QID8_12""}","{""ImportId"":""QID8_13""}","{""ImportId"":""QID8_14""}","{""ImportId"":""QID8_15""}","{""ImportId"":""QID8_16""}","{""ImportId"":""QID8_17""}","{""ImportId"":""QID8_18""}","{""ImportId"":""QID8_19""}","{""ImportId"":""QID8_20""}","{""ImportId"":""QID9_1""}","{""ImportId"":""QID9_2""}","{""ImportId"":""QID9_3""}","{""ImportId"":""QID9_4""}","{""ImportId"":""QID9_5""}","{""ImportId"":""QID9_6""}","{""ImportId"":""QID9_7""}","{""ImportId"":""QID9_8""}","{""ImportId"":""QID9_9""}","{""ImportId"":""QID9_10""}","{""ImportId"":""QID9_11""}","{""ImportId"":""QID9_12""}","{""ImportId"":""QID9_13""}","{""ImportId"":""QID9_14""}","{""ImportId"":""QID9_15""}","{""ImportId"":""QID9_16""}","{""ImportId"":""QID9_17""}","{""ImportId"":""QID9_18""}","{""ImportId"":""QID9_19""}","{""ImportId"":""QID9_20""}"
2024/6/11 15:48,2024/6/11 15:54,0,,100,408,1,2024/6/11 15:55,R_4aY3grR7vkVw5J2,,,,,36.6125,136.6089,anonymous,JA,2,1,4,2,4,1,3,1,2,4,2,5,5,5,4,5,5,4,3,1,3,1,2,1,2,1,1,5,1,1,2,1,3,2,4,1,5,2,5,4,2,2,4,2,5,4,2,2,1,5,4,4,4,1,3,1,4
2024/6/12 9:38,2024/6/12 9:50,0,,100,729,1,2024/6/12 9:50,R_4fZC57RYbvjBQhI,,,,,36.6125,136.6089,anonymous,JA,1,2,2,3,4,2,5,1,4,3,4,3,4,4,4,3,3,5,3,4,4,1,5,5,5,1,1,3,4,4,3,5,3,3,5,1,5,5,5,5,4,1,2,1,4,1,5,2,3,3,5,5,5,5,5,5,5
2024/6/12 10:07,2024/6/12 10:20,0,,100,770,1,2024/6/12 10:20,R_4icMK2bXRibtokh,,,,,36.6125,136.6089,anonymous,JA,2,3,4,2,4,4,4,1,4,4,3,4,2,4,4,5,5,3,2,4,1,3,2,2,1,1,1,2,2,1,2,2,1,1,4,2,2,3,4,3,2,2,1,1,2,4,2,2,4,2,3,4,2,2,1,2,2
2024/6/12 11:02,2024/6/12 11:19,0,,100,1060,1,2024/6/12 11:19,R_4nCqITQvjosIVNL,,,,,36.6125,136.6089,anonymous,JA,1,4,3,2,2,2,3,3,3,2,2,2,3,3,2,5,3,2,2,3,2,3,3,3,1,1,2,2,2,3,2,3,2,2,3,3,3,2,3,3,3,4,4,2,2,3,2,2,3,1,2,2,1,2,2,2,3
2024/6/12 12:50,2024/6/12 12:57,0,,100,409,1,2024/6/12 12:57,R_4eIWl9sho6yT1jr,,,,,36.6125,136.6089,anonymous,JA,2,5,4,3,4,3,4,2,4,4,4,5,5,4,2,5,7,1,1,3,1,1,1,1,1,1,1,1,1,1,1,2,1,1,1,1,1,2,1,2,1,1,2,1,2,5,1,4,2,2,1,1,2,2,1,1,1
2024/6/12 13:43,2024/6/12 13:50,0,,100,430,1,2024/6/12 13:50,R_44IBg4pGsmFduQp,,,,,36.6125,136.6089,anonymous,JA,1,6,4,2,4,2,2,4,3,2,4,3,3,2,3,5,6,3,4,4,5,5,4,4,3,4,2,4,5,4,4,4,3,2,4,5,4,3,3,4,3,3,4,3,3,4,3,1,2,4,4,4,3,4,2,3,4
2024/6/12 15:37,2024/6/12 15:51,0,,100,792,1,2024/6/12 15:51,R_49mb9JyCbKP78ad,,,,,36.6125,136.6089,anonymous,JA,2,7,5,2,4,2,4,2,3,3,4,4,4,3,5,5,5,4,2,2,2,1,4,2,3,1,1,3,2,2,2,2,2,2,4,1,4,3,3,2,2,1,2,1,3,1,2,4,1,3,5,3,4,2,1,2,4
2024/6/12 15:52,2024/6/12 16:05,0,,100,805,1,2024/6/12 16:05,R_4NxEPy9qWSMGX8h,,,,,36.6125,136.6089,anonymous,JA,1,8,5,1,5,2,5,1,4,4,4,4,4,4,4,6,5,1,2,2,2,1,3,2,3,1,1,2,1,1,1,1,1,1,3,1,2,4,1,3,1,2,2,2,1,4,1,2,1,2,4,3,3,3,1,2,4
2024/6/12 16:34,2024/6/12 16:42,0,,100,502,1,2024/6/12 16:42,R_4SHx3Dcrz81ZVYK,,,,,36.6125,136.6089,anonymous,JA,1,9,4,4,3,4,2,3,3,2,3,3,4,2,2,2,5,3,1,1,2,1,2,2,3,1,1,2,2,3,1,2,2,1,3,1,2,3,4,4,3,3,2,4,2,4,3,2,2,4,4,2,2,2,1,2,4
2024/6/12 16:55,2024/6/12 17:05,0,,100,639,1,2024/6/12 17:05,R_4vAtSeGMW3Ylmgx,,,,,36.6125,136.6089,anonymous,JA,1,10,4,2,4,3,3,1,3,3,3,4,3,2,3,5,5,1,1,1,2,2,1,1,1,1,1,1,1,1,1,1,1,1,2,1,2,3,2,2,1,5,2,1,2,2,1,4,3,2,4,2,2,1,1,2,2
2024/6/13 11:06,2024/6/13 11:13,0,,100,437,1,2024/6/13 11:13,R_43kAdx4hvoMCSNz,,,,,36.6125,136.6089,anonymous,JA,1,11,4,2,5,2,4,1,4,4,5,4,4,4,5,6,7,2,1,2,3,2,2,3,2,1,1,1,3,1,2,4,1,1,2,1,2,2,3,2,2,4,1,2,2,2,2,1,2,2,4,3,3,2,3,3,3
2024/6/13 13:42,2024/6/13 13:47,0,,100,293,1,2024/6/13 13:47,R_4G7cCuAF0ijcjRi,,,,,36.6125,136.6089,anonymous,JA,3,12,3,4,4,2,3,1,4,3,4,2,4,1,4,5,5,1,3,4,1,1,4,1,1,1,1,5,2,1,4,1,1,1,1,3,1,2,4,2,1,5,5,4,1,5,2,3,2,4,5,2,4,3,3,1,3
2024/6/13 14:49,2024/6/13 14:53,0,,100,230,1,2024/6/13 14:53,R_4E1QkowNoSkgh7r,,,,,36.6125,136.6089,anonymous,JA,4,13,2,4,4,5,4,2,1,3,2,1,1,1,1,5,5,1,1,1,1,1,1,1,4,1,1,1,1,1,1,1,1,1,1,1,1,2,1,1,1,5,1,1,3,5,1,4,1,4,4,1,1,1,2,1,1
2024/6/13 15:35,2024/6/13 15:42,0,,100,436,1,2024/6/13 15:42,R_4OJCFN0OFGlNR4r,,,,,36.6125,136.6089,anonymous,JA,3,14,2,2,4,3,2,1,2,4,2,4,3,2,1,2,3,2,1,2,2,1,1,1,1,1,1,1,2,1,2,1,1,1,3,1,2,2,1,3,2,2,1,1,1,4,1,2,1,2,2,1,1,1,1,1,2
2024/6/13 16:21,2024/6/13 16:45,0,,100,1391,1,2024/6/13 16:45,R_4fdeFjQJng5scr3,,,,,36.6125,136.6089,anonymous,JA,4,15,4,2,2,4,4,4,3,4,4,5,5,5,5,5,5,4,2,4,4,2,4,4,2,4,4,2,2,4,4,2,4,4,2,2,4,4,1,4,4,5,1,1,1,5,1,5,1,1,1,1,2,2,1,2,4
2024/6/14 9:54,2024/6/14 10:02,0,,100,450,1,2024/6/14 10:02,R_4KQ5eYcw8UFR2Eo,,,,,36.6125,136.6089,anonymous,JA,2,16,4,2,5,4,4,2,3,4,4,4,3,4,3,5,6,3,2,2,2,3,3,2,2,1,1,2,2,1,2,2,2,1,4,2,3,3,5,3,2,2,2,4,3,3,4,2,5,2,3,5,3,3,2,2,4
2024/6/14 10:37,2024/6/14 10:45,0,,100,477,1,2024/6/14 10:45,R_4OuTASGbxbqr2jU,,,,,36.6125,136.6089,anonymous,JA,2,17,4,1,5,1,4,1,4,4,5,5,5,4,5,6,7,3,1,4,3,1,2,1,1,1,1,1,2,2,1,2,1,1,2,1,2,1,1,2,1,5,1,1,2,5,2,4,3,4,1,2,2,1,2,2,4
2024/6/14 11:02,2024/6/14 11:06,0,,100,238,1,2024/6/14 11:06,R_4n8FY5aag3zXVGH,,,,,36.6125,136.6089,anonymous,JA,2,18,5,2,5,2,5,1,5,5,4,4,4,4,4,5,6,1,1,4,4,2,3,2,2,2,2,4,2,4,2,2,2,4,1,1,2,2,1,1,2,5,4,1,1,5,1,5,4,4,5,2,2,2,2,2,3
2024/6/14 11:42,2024/6/14 11:52,0,,100,592,1,2024/6/14 11:52,R_49QSRSy6LSJ5XRD,,,,,36.6125,136.6089,anonymous,JA,1,19,2,4,3,5,2,3,3,3,2,3,4,2,3,6,5,2,2,3,3,3,2,2,2,1,2,2,3,1,2,1,2,3,4,2,3,4,4,3,2,4,4,2,3,4,2,2,5,3,3,4,2,3,3,2,3
2024/6/14 13:35,2024/6/14 13:42,0,,100,433,1,2024/6/14 13:42,R_4COm2IlKAl3Wb5X,,,,,36.6125,136.6089,anonymous,JA,2,20,4,4,5,5,4,2,2,3,3,5,5,3,2,5,6,1,1,2,3,1,3,1,1,1,1,3,4,1,2,3,1,1,2,2,2,4,2,1,1,4,1,2,1,4,2,3,4,2,3,3,3,2,2,1,4
2024/6/14 14:02,2024/6/14 14:08,0,,100,357,1,2024/6/14 14:08,R_4Btx0ZTNBt8BCPR,,,,,36.6125,136.6089,anonymous,JA,1,21,2,2,2,3,2,2,2,4,4,2,4,2,4,5,5,1,1,2,1,1,1,1,1,1,1,1,1,5,1,4,2,1,5,1,5,5,5,5,4,2,3,4,4,2,4,2,4,4,4,4,4,4,2,4,4
2024/6/14 14:20,2024/6/14 14:29,0,,100,510,1,2024/6/14 14:29,R_40ZoyX97QPW5deJ,,,,,36.6125,136.6089,anonymous,JA,2,22,3,4,4,4,4,2,4,4,5,4,5,4,1,5,5,1,2,1,1,1,2,3,1,1,1,2,1,3,1,2,1,1,3,1,2,5,2,2,1,1,2,1,1,5,2,3,2,3,3,2,2,1,1,1,2
2024/6/14 14:38,2024/6/14 14:49,0,,100,641,1,2024/6/14 14:49,R_4D80H9NrhQ1r3Bk,,,,,36.6125,136.6089,anonymous,JA,2,23,2,2,1,5,4,1,4,1,4,1,1,1,2,3,3,4,1,5,1,1,2,1,2,1,1,4,1,4,1,2,1,1,5,1,4,2,1,2,1,4,4,1,3,5,1,4,1,5,5,4,4,1,1,1,1
2024/6/14 15:23,2024/6/14 15:31,0,,100,465,1,2024/6/14 15:31,R_4QrCTceE19TfNuA,,,,,36.6125,136.6089,anonymous,JA,1,24,4,3,5,3,5,1,2,3,5,2,2,1,4,5,5,1,2,3,1,1,2,2,3,2,1,3,3,2,3,4,2,1,1,1,2,4,2,1,1,5,1,2,1,1,1,4,1,2,4,2,1,1,2,1,1
2024/6/14 16:06,2024/6/14 16:17,0,,100,674,1,2024/6/14 16:17,R_4cRk4mvlhM21zBT,,,,,36.6125,136.6089,anonymous,JA,1,25,4,2,4,4,4,2,2,4,4,2,2,2,2,6,6,4,3,3,3,2,4,1,1,1,1,3,2,4,2,3,4,2,4,1,5,4,2,5,1,4,2,2,3,2,1,3,4,4,3,4,4,2,1,2,3
2024/6/14 16:34,2024/6/14 16:44,0,,100,613,1,2024/6/14 16:44,R_4WZ80fLuMWDZ8Rv,,,,,36.6125,136.6089,anonymous,JA,2,26,5,3,4,2,4,1,4,4,4,4,4,4,3,6,6,5,1,3,2,1,1,3,2,1,1,1,2,3,1,3,1,2,5,1,2,3,4,3,2,5,2,3,4,2,3,3,2,2,3,1,4,1,3,3,3
2024/6/17 9:23,2024/6/17 9:30,0,,100,388,1,2024/6/17 9:30,R_4NbGlrU0D71qCo9,,,,,36.6125,136.6089,anonymous,JA,1,27,4,2,4,3,4,2,3,4,4,4,5,5,4,5,5,3,4,3,4,4,4,2,4,3,4,4,4,4,3,4,3,3,5,2,5,4,4,4,3,3,4,3,4,4,3,4,4,4,4,4,4,4,4,4,4
2024/6/17 9:53,2024/6/17 10:01,0,,100,474,1,2024/6/17 10:01,R_4hloW1KgvQCNOHa,,,,,36.6125,136.6089,anonymous,JA,2,28,4,3,4,2,4,2,4,4,4,4,4,4,4,3,5,2,1,1,1,1,2,2,2,1,1,2,1,1,1,2,1,1,2,1,2,2,2,2,1,1,1,1,1,2,1,2,1,1,2,2,2,2,1,1,2
2024/6/17 10:47,2024/6/17 10:53,0,,100,341,1,2024/6/17 10:53,R_4v31kx9WDL6jrZw,,,,,36.6125,136.6089,anonymous,JA,1,29,4,1,5,4,5,1,4,5,4,3,5,2,4,5,6,2,1,4,5,2,5,2,3,1,1,5,4,5,1,5,4,2,5,1,5,4,4,5,5,2,4,5,3,1,4,1,2,4,3,4,5,4,4,5,5
2024/6/17 11:19,2024/6/17 11:26,0,,100,444,1,2024/6/17 11:26,R_4swdxnuE05eun7P,,,,,36.6125,136.6089,anonymous,JA,1,30,4,4,5,2,2,4,4,4,5,4,2,4,4,5,6,2,2,4,2,2,2,2,2,4,2,2,4,4,4,4,2,2,5,5,5,5,2,4,2,4,2,4,2,5,1,5,2,2,5,4,2,2,2,2,5
2024/6/17 13:41,2024/6/17 13:52,0,,100,657,1,2024/6/17 13:52,R_4N4j8F2EjfO7tqv,,,,,36.6125,136.6089,anonymous,JA,2,31,4,3,3,5,4,2,3,4,4,4,5,2,1,6,5,5,1,4,3,5,3,5,2,3,4,4,5,4,5,5,1,2,5,3,5,5,4,4,4,5,4,4,5,1,5,2,4,3,5,4,4,5,4,5,4
2024/6/17 14:17,2024/6/17 14:25,0,,100,473,1,2024/6/17 14:25,R_4Pj10OS0cFhF9p7,,,,,36.6125,136.6089,anonymous,JA,1,32,4,2,5,3,4,1,5,4,2,4,4,3,4,5,6,1,2,3,1,1,3,2,3,1,2,3,3,3,2,3,1,2,3,1,4,2,3,3,1,4,2,2,2,3,2,3,2,4,4,2,5,3,3,3,4
2024/6/17 15:10,2024/6/17 15:20,0,,100,573,1,2024/6/17 15:20,R_4oA3hLsxh2mmYYV,,,,,36.6125,136.6089,anonymous,JA,2,33,1,1,1,5,1,3,1,2,2,2,2,2,1,7,6,2,1,1,1,2,2,1,2,1,1,1,1,1,1,1,1,1,3,1,2,2,1,2,1,5,1,2,1,4,2,2,2,2,2,1,2,1,1,1,2
2024/6/18 9:27,2024/6/18 9:38,0,,100,672,1,2024/6/18 9:38,R_48Y71adGQnuq5sM,,,,,36.6125,136.6089,anonymous,JA,1,34,3,2,3,2,3,2,3,3,2,4,4,2,4,3,3,4,5,4,4,3,4,3,4,3,4,4,4,3,3,5,4,3,4,3,4,4,3,3,2,2,4,2,4,3,3,2,4,2,5,4,3,4,3,4,3
2024/6/18 10:03,2024/6/18 10:10,0,,100,414,1,2024/6/18 10:10,R_4A6BDHK6nCOXNPH,,,,,36.6125,136.6089,anonymous,JA,1,35,4,4,4,5,3,1,2,3,4,5,5,4,2,5,3,1,2,3,2,2,2,1,3,1,2,4,3,3,1,2,2,2,4,1,3,3,3,2,1,2,2,4,3,2,3,2,2,1,2,3,5,1,1,3,4
2024/6/18 10:44,2024/6/18 10:51,0,,100,410,1,2024/6/18 10:51,R_4ZHrGCSyzsYsidG,,,,,36.6125,136.6089,anonymous,JA,2,36,5,1,5,1,5,2,4,5,4,5,5,5,5,6,7,5,1,5,1,1,5,1,5,1,5,5,1,1,1,1,1,1,1,1,5,1,4,5,1,3,5,3,1,1,3,3,1,1,5,1,5,1,5,5,5
2024/6/18 11:27,2024/6/18 11:36,0,,100,508,1,2024/6/18 11:36,R_4O8qdyLP9fq6zqA,,,,,36.6125,136.6089,anonymous,JA,2,37,4,1,5,1,4,2,4,4,3,5,5,4,2,5,6,4,1,1,1,1,1,1,3,1,3,2,2,2,1,1,1,1,2,1,2,4,4,5,2,4,4,1,3,3,4,2,5,5,5,2,4,3,1,2,4
2024/6/18 13:39,2024/6/18 13:46,0,,100,404,1,2024/6/18 13:46,R_4n0LCsnugHLuwgr,,,,,36.6125,136.6089,anonymous,JA,1,38,2,3,4,4,2,1,2,1,4,4,5,3,1,5,6,4,2,2,4,4,2,5,2,2,4,5,5,5,4,2,1,1,4,5,5,5,2,5,2,5,4,2,3,3,3,4,4,3,2,4,5,4,3,1,3
2024/6/18 14:04,2024/6/18 14:11,0,,100,440,1,2024/6/18 14:11,R_4V0v9GhOeUUi1O1,,,,,36.6125,136.6089,anonymous,JA,2,39,5,1,5,1,4,2,4,4,4,5,5,4,3,5,5,3,1,2,1,1,2,1,3,1,1,4,2,3,2,3,2,2,3,2,2,3,4,3,1,5,4,1,2,2,2,5,4,4,4,3,2,1,1,2,4
2024/6/18 17:32,2024/6/18 17:39,0,,100,436,1,2024/6/18 17:39,R_4PiVdV0IRYFdQIS,,,,,36.6125,136.6089,anonymous,JA,3,40,4,2,2,2,4,3,2,4,2,4,1,2,2,2,5,4,3,4,4,4,5,3,3,1,3,4,2,3,4,3,4,2,5,5,5,3,1,5,1,5,4,3,2,2,5,3,4,4,2,4,2,4,2,3,5
2024/6/19 13:06,2024/6/19 13:10,0,,100,241,1,2024/6/19 13:11,R_4Oel4g3QrWofU0m,,,,,36.6125,136.6089,anonymous,JA,1,41,2,4,1,4,2,4,2,1,5,2,4,1,1,5,5,3,2,1,1,2,4,2,2,2,1,1,3,3,4,3,2,1,1,1,1,2,1,3,1,4,2,1,3,1,1,5,4,1,1,3,4,1,4,2,4
2024/6/19 14:49,2024/6/19 15:04,0,,100,877,1,2024/6/19 15:04,R_4sSFhljQAEqeszy,,,,,36.6125,136.6089,anonymous,JA,2,42,2,2,2,3,1,2,1,1,4,5,2,4,2,6,5,1,1,2,1,1,3,1,4,1,1,1,4,1,2,2,1,1,5,2,4,2,5,2,3,4,1,5,2,4,4,2,1,1,4,5,5,2,5,1,5
2024/6/19 15:22,2024/6/19 15:29,0,,100,388,1,2024/6/19 15:29,R_4nacxiDJx2X3hOp,,,,,36.6125,136.6089,anonymous,JA,2,43,2,2,2,4,2,4,2,3,2,4,4,4,1,4,2,4,2,1,3,1,4,1,4,1,2,4,5,5,4,4,3,3,4,1,4,3,2,4,5,1,5,5,5,1,2,1,4,4,4,4,4,4,4,4,4
2024/6/19 15:46,2024/6/19 15:54,0,,100,478,1,2024/6/19 15:54,R_4pVx9roDEm5hzeT,,,,,36.6125,136.6089,anonymous,JA,1,44,1,5,1,5,1,4,1,1,4,1,1,1,1,5,5,1,1,4,1,1,1,2,1,1,1,1,4,4,1,1,1,1,4,1,1,1,1,1,2,4,1,1,1,5,1,4,1,2,4,1,2,1,2,2,1
2024/6/20 11:58,2024/6/20 12:03,0,,100,271,1,2024/6/20 12:03,R_4exy9r8YxE0DlDj,,,,,36.6125,136.6089,anonymous,JA,3,45,4,3,4,4,4,1,4,4,5,5,5,3,2,6,7,1,1,2,2,1,1,1,1,1,1,2,1,2,1,1,1,1,1,1,2,1,1,1,1,3,1,1,1,1,1,5,1,1,4,1,1,1,1,2,2
2024/6/20 12:24,2024/6/20 12:32,0,,100,452,1,2024/6/20 12:32,R_4Rrpni3FVBAOTrD,,,,,36.6125,136.6089,anonymous,JA,4,46,1,1,4,2,4,4,1,2,2,2,4,2,1,2,3,3,1,4,3,3,2,2,2,2,1,1,3,4,4,4,2,3,4,1,2,4,1,4,1,4,1,3,3,4,1,2,4,3,2,4,4,4,3,5,5
2024/6/20 14:05,2024/6/20 14:10,0,,100,298,1,2024/6/20 14:10,R_4iCh3Ro6eeHDLCI,,,,,36.6125,136.6089,anonymous,JA,3,47,4,2,4,2,4,1,4,4,4,5,4,4,4,5,6,1,1,2,1,2,4,1,1,1,1,1,1,1,1,1,1,1,1,1,1,3,3,3,2,4,1,1,3,3,1,2,3,3,3,3,3,2,2,2,4
2024/6/20 14:54,2024/6/20 14:58,0,,100,273,1,2024/6/20 14:58,R_4CeXM5Iylh8er96,,,,,36.6125,136.6089,anonymous,JA,4,48,1,5,1,5,1,5,1,1,3,2,1,1,1,2,2,3,1,3,1,2,1,1,1,1,3,1,2,1,1,2,1,1,3,2,3,2,3,2,1,5,1,1,2,2,2,1,2,2,3,3,3,2,2,2,3
2024/6/20 15:36,2024/6/20 15:44,0,,100,481,1,2024/6/20 15:44,R_4dmuBaBYtwW5dvg,,,,,36.6125,136.6089,anonymous,JA,3,49,4,2,5,2,5,1,4,4,4,5,4,2,2,6,5,1,1,2,2,2,1,2,1,1,1,2,1,2,1,1,1,1,3,1,2,3,1,1,1,3,2,1,3,2,1,2,1,1,2,2,5,1,1,1,1
2024/6/21 9:55,2024/6/21 10:02,0,,100,399,1,2024/6/21 10:02,R_4qlyj0OOeWyzHLf,,,,,36.6125,136.6089,anonymous,JA,3,50,4,2,5,2,4,2,4,4,4,2,2,2,2,1,5,4,2,3,2,3,2,5,2,2,2,4,2,4,3,4,2,1,5,4,5,2,3,4,2,1,2,2,4,3,4,2,4,4,4,4,5,3,4,4,2
2024/6/21 11:17,2024/6/21 11:24,0,,100,408,1,2024/6/21 11:24,R_4dVQAxrHKUrHD99,,,,,36.6125,136.6089,anonymous,JA,4,51,2,4,4,5,3,2,2,2,2,2,2,2,4,4,5,3,1,3,2,2,2,1,4,1,1,4,2,4,1,3,2,1,5,1,3,4,5,5,2,1,2,2,2,1,3,1,2,3,4,3,5,2,2,3,5
2024/6/21 13:47,2024/6/21 13:51,0,,100,272,1,2024/6/21 13:51,R_4frV5L1cmO2y1wf,,,,,36.6125,136.6089,anonymous,JA,4,52,4,2,4,5,2,2,3,2,4,4,5,4,1,6,3,1,2,2,2,1,5,2,4,1,1,1,2,4,2,2,2,1,5,1,4,4,2,4,2,5,2,1,2,2,1,5,2,5,4,4,2,1,2,2,4
2024/6/21 15:19,2024/6/21 15:23,0,,100,245,1,2024/6/21 15:23,R_4VQaITt5I5dqGBj,,,,,36.6125,136.6089,anonymous,JA,3,53,2,4,4,2,5,2,4,4,4,4,3,4,2,3,5,1,1,4,2,2,4,1,2,1,1,2,3,2,1,2,1,2,1,4,4,1,1,2,1,5,4,1,4,5,1,4,2,1,1,2,1,2,4,1,1
2024/6/21 15:47,2024/6/21 15:52,0,,100,316,1,2024/6/21 15:52,R_4tL0FZ6gXpg2gkV,,,,,36.6125,136.6089,anonymous,JA,4,54,5,1,5,2,5,1,5,5,4,5,5,4,5,6,7,2,2,3,1,1,5,1,5,4,1,3,5,4,4,5,1,3,5,1,4,5,1,5,2,1,4,1,4,1,4,1,5,5,5,5,2,5,4,5,2
2024/6/24 12:51,2024/6/24 12:57,0,,100,378,1,2024/6/24 12:58,R_4YbrX5SPhP6s1mc,,,,,36.5968,136.5998,anonymous,JA,3,55,4,3,4,2,4,1,4,4,4,3,1,4,4,5,6,3,1,2,1,1,2,2,1,1,1,1,2,2,2,2,1,2,3,1,3,3,2,3,1,3,3,1,1,3,2,2,3,2,2,3,4,3,3,4,5
2024/6/24 13:43,2024/6/24 13:48,0,,100,326,1,2024/6/24 13:48,R_4ndRA0xfibntMsg,,,,,36.6125,136.6089,anonymous,JA,4,56,2,2,4,4,3,2,2,3,4,3,2,2,2,5,5,5,2,4,4,5,5,5,5,4,2,4,4,4,4,5,4,4,5,3,4,5,4,5,4,3,4,4,5,4,5,1,4,5,5,5,5,4,4,4,4
2024/6/24 14:39,2024/6/24 14:45,0,,100,372,1,2024/6/24 14:45,R_4KTnTnHnnAgoMkf,,,,,36.6125,136.6089,anonymous,JA,3,57,2,4,2,4,2,4,2,2,4,4,2,4,2,6,5,2,1,3,2,1,2,2,4,1,1,1,1,1,1,1,1,1,4,1,3,3,2,2,1,2,1,1,1,3,2,1,1,2,2,1,2,1,1,1,2
2024/6/24 17:14,2024/6/24 17:18,0,,100,249,1,2024/6/24 17:18,R_4bH4CHf4uk0oy4p,,,,,36.6125,136.6089,anonymous,JA,4,58,4,2,4,3,4,2,4,4,2,2,3,4,2,3,5,4,4,4,5,4,4,4,4,3,4,4,4,4,4,5,4,4,5,2,4,5,2,4,4,4,3,3,4,3,5,2,4,4,4,4,4,5,5,5,4
2024/6/26 13:33,2024/6/26 13:40,0,,100,377,1,2024/6/26 13:40,R_400Iay4UBqaxld9,,,,,36.6125,136.6089,anonymous,JA,3,59,4,2,4,4,5,2,4,5,4,5,4,5,4,5,6,3,1,4,5,5,4,5,3,1,1,4,5,5,4,4,2,2,5,3,5,5,4,5,5,1,5,5,4,1,5,1,4,5,5,5,5,4,2,3,5
2024/6/26 14:10,2024/6/26 14:16,0,,100,354,1,2024/6/26 14:16,R_4dDFgcW3NopZurA,,,,,36.6125,136.6089,anonymous,JA,4,60,2,4,3,4,4,2,2,2,2,4,2,2,2,3,5,2,2,1,1,1,3,2,1,1,1,2,2,1,2,3,1,1,5,1,4,4,3,5,1,2,2,4,2,1,2,2,2,4,4,5,4,3,1,2,2
2024/6/26 15:10,2024/6/26 15:16,0,,100,309,1,2024/6/26 15:16,R_4NfX7Tyvzhup3cg,,,,,36.6125,136.6089,anonymous,JA,3,61,1,5,1,5,1,5,1,1,2,1,1,2,1,2,3,2,1,3,1,3,2,4,2,1,4,4,2,1,2,2,1,1,4,1,2,2,4,3,3,2,1,1,1,1,1,2,1,1,2,3,2,1,1,2,3
2024/6/26 16:20,2024/6/26 16:25,0,,100,302,1,2024/6/26 16:25,R_4kYXm4eHwCXiDy0,,,,,35.6897,139.6895,anonymous,JA,4,62,4,3,4,2,4,3,4,3,4,3,3,3,3,3,4,2,1,2,2,2,2,1,1,1,2,3,2,1,1,2,2,1,3,1,2,3,3,2,2,2,2,1,2,2,3,2,2,2,2,2,3,2,1,2,2
2024/7/2 15:54,2024/7/2 15:58,0,,100,221,1,2024/7/2 15:58,R_4KvmxEYJENjSBPb,,,,,36.6125,136.6089,anonymous,JA,3,63,2,2,4,5,3,1,2,3,3,2,2,2,3,5,5,1,1,4,1,1,1,1,1,1,1,3,2,1,1,1,1,1,4,1,1,5,1,1,1,5,1,1,1,1,1,5,1,1,1,1,3,1,1,1,1
2024/7/2 16:38,2024/7/2 16:43,0,,100,292,1,2024/7/2 16:43,R_4qwsuOEJTUzgFJc,,,,,36.6125,136.6089,anonymous,JA,4,64,4,2,4,3,3,2,3,3,2,4,4,4,2,4,5,1,1,1,1,1,1,1,1,1,1,2,1,1,1,2,1,1,2,1,2,2,1,1,1,2,1,1,1,4,1,3,1,3,2,2,2,1,1,1,1
2024/7/2 17:04,2024/7/2 17:12,0,,100,424,1,2024/7/2 17:12,R_4U9Pm2JQ2vL5B51,,,,,36.6125,136.6089,anonymous,JA,3,65,4,3,4,3,4,2,3,3,4,3,2,3,4,5,5,2,1,1,1,2,3,2,1,1,1,3,1,1,1,1,1,1,3,1,2,2,1,3,1,4,2,2,1,4,2,2,2,4,4,3,3,2,2,2,4
2024/7/3 9:38,2024/7/3 9:43,0,,100,328,1,2024/7/3 9:43,R_43llre2B3yaEjfn,,,,,36.6125,136.6089,anonymous,JA,4,66,2,4,1,2,2,3,2,2,2,2,2,2,2,2,2,4,1,4,4,4,2,2,2,2,1,1,1,3,1,2,2,2,4,4,3,4,5,5,5,3,4,2,4,4,2,2,4,4,5,5,5,4,5,4,5
2024/7/3 11:25,2024/7/3 11:30,0,,100,314,1,2024/7/3 11:30,R_4F9dezzJOPTbYV8,,,,,36.6125,136.6089,anonymous,JA,4,67,4,3,4,4,3,1,2,4,4,4,1,2,4,5,6,4,1,3,2,1,5,4,1,1,5,2,4,2,5,4,1,1,5,1,5,5,4,5,4,4,4,3,2,3,4,4,4,5,5,5,4,5,3,2,4
2024/7/3 14:37,2024/7/3 14:44,0,,100,417,1,2024/7/3 14:44,R_4I8XwREL37pv2aB,,,,,36.6125,136.6089,anonymous,JA,2,68,4,3,5,5,4,2,3,2,4,4,2,3,2,5,5,3,1,2,2,1,3,2,2,1,2,4,2,2,1,2,2,1,2,1,4,4,2,3,2,2,4,3,3,2,4,2,2,3,3,4,5,2,1,2,5
2024/7/4 11:57,2024/7/4 12:02,0,,100,280,1,2024/7/4 12:02,R_4IbyHhtmSSz5Dv3,,,,,36.6125,136.6089,anonymous,JA,3,69,2,4,4,4,3,4,2,4,2,2,4,1,1,2,2,4,1,2,4,3,4,1,1,1,3,2,1,1,2,2,2,2,3,2,4,2,2,2,1,4,2,2,4,2,1,1,4,4,4,4,5,4,1,4,5
2024/7/4 12:42,2024/7/4 12:47,0,,100,289,1,2024/7/4 12:47,R_4PdcsbqI8ZhKSNP,,,,,36.6125,136.6089,anonymous,JA,3,70,2,4,2,4,4,2,2,2,2,5,2,4,2,2,3,3,4,3,4,4,4,2,4,1,4,4,1,4,2,2,4,2,5,4,4,3,5,3,2,2,4,3,4,3,3,1,2,2,4,4,2,4,1,2,4
2024/7/4 13:49,2024/7/4 13:54,0,,100,278,1,2024/7/4 13:54,R_41XgzJ9UslVtjGh,,,,,36.6125,136.6089,anonymous,JA,4,71,2,2,3,4,3,3,2,3,5,2,1,2,2,2,2,2,1,1,2,1,2,1,2,1,1,1,1,1,1,1,1,1,2,1,1,2,1,1,1,4,1,1,1,4,1,3,3,2,2,4,2,2,1,1,2
2024/7/4 14:23,2024/7/4 14:27,0,,100,240,1,2024/7/4 14:27,R_4EFAiBOdDHNUTiC,,,,,36.6125,136.6089,anonymous,JA,4,72,4,2,5,1,5,2,5,4,2,4,3,3,2,3,6,4,2,4,4,4,5,5,2,5,3,4,4,4,5,5,3,5,4,1,5,4,4,4,2,2,4,4,5,1,4,2,5,5,5,5,5,5,4,4,5
2024/7/4 14:54,2024/7/4 15:00,0,,100,331,1,2024/7/4 15:00,R_4l5cAIzvF3lvBVG,,,,,36.6125,136.6089,anonymous,JA,3,73,2,2,4,2,5,1,4,3,2,5,5,2,4,3,3,1,2,3,3,1,1,3,2,1,1,2,1,3,1,1,1,1,5,1,3,3,2,1,3,1,3,2,1,1,3,1,2,4,3,3,3,2,1,2,3
2024/7/5 10:29,2024/7/5 10:35,0,,100,393,1,2024/7/5 10:35,R_4aLxlg96aTqre5A,,,,,36.6125,136.6089,anonymous,JA,2,74,4,2,2,5,4,2,2,2,1,1,2,2,2,5,3,2,2,4,4,1,1,1,1,1,1,3,2,1,1,1,1,1,4,1,2,1,2,3,1,3,1,1,2,4,2,3,4,3,3,2,2,1,1,1,2
2024/7/5 13:47,2024/7/5 13:53,0,,100,388,1,2024/7/5 13:53,R_4ezdViO8vll3dY7,,,,,36.6125,136.6089,anonymous,JA,4,75,2,2,4,3,2,2,2,2,4,4,2,2,2,3,3,4,1,4,3,1,3,1,4,1,1,3,3,3,1,1,1,1,2,1,2,2,2,4,2,4,4,2,3,3,3,2,4,4,3,3,2,1,1,2,4
2024/7/5 14:42,2024/7/5 14:48,0,,100,386,1,2024/7/5 14:48,R_4fBJP5sSsP0VBZH,,,,,36.6125,136.6089,anonymous,JA,1,76,4,2,5,2,5,1,4,5,5,5,5,2,4,6,6,3,1,2,1,3,2,3,2,1,4,4,3,2,1,3,1,1,5,3,5,5,3,5,3,2,3,2,3,2,2,1,4,5,5,5,5,3,3,3,3
2024/7/5 16:47,2024/7/5 16:52,0,,100,256,1,2024/7/5 16:52,R_4jjtiLwZ315F3Ph,,,,,36.6125,136.6089,anonymous,JA,3,77,2,4,3,4,2,3,2,2,4,4,3,2,2,4,3,2,1,2,2,2,2,3,3,2,3,1,2,1,2,2,3,2,3,2,3,2,2,2,2,2,2,1,3,1,3,1,3,3,3,3,2,3,2,2,3
2024/7/8 14:03,2024/7/8 14:13,0,,100,649,1,2024/7/8 14:13,R_4KJDIAZR57x7bMQ,,,,,36.6125,136.6089,anonymous,JA,3,78,4,2,4,2,4,2,4,4,4,4,2,2,2,5,6,4,3,2,1,1,3,1,2,1,2,3,4,3,3,2,2,1,4,1,4,3,4,3,1,1,2,3,3,2,4,1,5,4,5,4,4,4,4,5,2
2024/7/9 13:45,2024/7/9 13:52,0,,100,443,1,2024/7/9 13:52,R_44caLH5jUMTvj9v,,,,,34.6892,135.4899,anonymous,JA,4,79,4,2,2,2,2,1,4,3,4,2,2,2,1,5,4,1,1,5,1,1,2,1,1,1,1,2,1,2,1,2,1,1,1,2,1,2,5,1,2,3,4,5,1,4,4,2,1,2,3,2,2,1,2,3,1
2024/7/10 13:26,2024/7/10 13:34,0,,100,477,1,2024/7/10 13:34,R_4eeR0rj2qd5738m,,,,,36.6125,136.6089,anonymous,JA,2,80,4,4,5,4,4,2,2,4,3,2,2,2,2,3,5,2,1,2,2,2,1,2,2,1,1,1,2,1,1,2,1,1,4,1,3,3,2,2,2,3,1,2,2,2,1,2,1,1,1,2,3,1,1,2,3
2024/7/10 15:16,2024/7/10 15:23,0,,100,441,1,2024/7/10 15:23,R_42iomV1ZXQjD4mw,,,,,36.6125,136.6089,anonymous,JA,1,81,4,3,4,5,4,2,4,3,4,5,5,5,4,4,5,2,2,5,5,2,5,4,5,4,2,3,1,5,4,4,2,3,5,5,5,5,1,5,4,3,2,4,5,2,3,3,5,5,5,4,5,5,4,4,5
2024/7/11 11:44,2024/7/11 11:49,0,,100,293,1,2024/7/11 11:49,R_40ouPQIKI1lJLxf,,,,,36.6125,136.6089,anonymous,JA,3,82,2,5,4,5,1,1,1,2,4,5,2,5,1,5,7,4,5,2,2,5,5,4,1,1,4,5,5,2,4,5,1,1,5,1,5,2,4,5,5,2,5,4,5,2,4,1,5,4,5,4,5,4,5,5,4
2024/7/11 13:39,2024/7/11 13:43,0,,100,248,1,2024/7/11 13:43,R_4nS5kXAas2o23OV,,,,,36.6125,136.6089,anonymous,JA,4,83,1,4,2,5,2,4,2,1,3,3,3,1,1,4,3,1,1,4,2,3,2,2,1,1,1,2,2,1,1,1,2,2,2,2,2,3,3,3,2,4,3,3,3,4,2,3,2,1,4,3,3,3,2,1,3
2024/7/11 14:50,2024/7/11 14:55,0,,100,323,1,2024/7/11 14:55,R_4ENir0uK4vhQHKN,,,,,36.6125,136.6089,anonymous,JA,3,84,3,2,5,3,3,3,3,5,2,2,1,3,3,4,5,1,1,1,1,2,1,5,1,1,5,1,1,2,5,5,1,1,5,1,5,5,5,5,5,1,5,3,2,1,5,1,5,1,5,5,5,5,1,1,2
2024/7/11 15:45,2024/7/11 15:51,0,,100,409,1,2024/7/11 15:51,R_4VjRtfNLWZGalMI,,,,,36.6125,136.6089,anonymous,JA,4,85,2,4,4,5,2,2,2,4,4,2,1,2,2,5,5,3,3,2,5,2,5,4,1,1,1,3,2,3,1,3,3,4,5,1,4,3,4,5,2,1,3,2,4,3,4,4,5,3,5,4,3,3,4,3,4
2024/7/11 16:14,2024/7/11 16:17,0,,100,200,1,2024/7/11 16:17,R_4JzlZikVsSUzGvY,,,,,36.6125,136.6089,anonymous,JA,3,86,2,2,1,1,5,4,1,1,1,2,1,1,1,2,3,1,1,1,1,1,1,1,1,1,1,1,1,1,1,1,1,1,5,1,1,5,4,4,3,3,1,1,1,4,2,4,4,3,3,1,3,1,1,1,1
2024/7/11 16:57,2024/7/11 17:04,0,,100,417,1,2024/7/11 17:04,R_4tWSdzNfh4HJxmN,,,,,36.6125,136.6089,anonymous,JA,4,87,2,4,2,5,2,2,2,2,2,2,2,2,2,2,2,1,1,2,1,1,2,1,1,1,1,2,2,1,1,1,1,1,2,1,2,2,1,2,2,3,2,1,2,3,2,3,2,2,2,2,2,1,1,1,3
